date,cny_thb
2009-12-31,4.8791
2010-01-04,4.8636
2010-01-05,4.8543
2010-01-06,4.8565
2010-01-07,4.8574
2010-01-08,4.8568
2010-01-11,4.8408
2010-01-12,4.8389
2010-01-13,4.8379
2010-01-14,4.8171
2010-01-15,4.8144
2010-01-18,4.8118
2010-01-19,4.817
2010-01-20,4.827
2010-01-21,4.8346
2010-01-22,4.8382
2010-01-25,4.8287
2010-01-26,4.8408
2010-01-27,4.839
2010-01-28,4.8463
2010-01-29,4.8595
2010-02-01,4.8612
2010-02-02,4.8543
2010-02-03,4.8392
2010-02-04,4.8456
2010-02-05,4.8644
2010-02-08,4.8618
2010-02-09,4.8596
2010-02-10,4.8564
2010-02-11,4.8525
2010-02-12,4.8595
2010-02-15,4.8566
2010-02-16,4.8593
2010-02-17,4.8507
2010-02-18,4.8552
2010-02-19,4.8551
2010-02-22,4.8548
2010-02-23,4.845
2010-02-24,4.8389
2010-02-25,4.8507
2010-02-26,4.8439
2010-03-01,4.8171
2010-03-02,4.7949
2010-03-03,4.7885
2010-03-04,4.7808
2010-03-05,4.7791
2010-03-08,4.7866
2010-03-09,4.7954
2010-03-10,4.7912
2010-03-11,4.7894
2010-03-12,4.7683
2010-03-15,4.775
2010-03-16,4.7503
2010-03-17,4.7355
2010-03-18,4.7303
2010-03-19,4.7284
2010-03-22,4.7403
2010-03-23,4.7353
2010-03-24,4.7409
2010-03-25,4.7443
2010-03-26,4.7481
2010-03-29,4.7401
2010-03-30,4.7372
2010-03-31,4.7386
2010-04-01,4.7434
2010-04-06,4.7431
2010-04-07,4.7453
2010-04-08,4.7296
2010-04-09,4.7246
2010-04-12,4.7418
2010-04-13,4.7403
2010-04-14,4.7263
2010-04-15,4.7246
2010-04-16,4.7242
2010-04-19,4.7306
2010-04-20,4.7122
2010-04-21,4.7162
2010-04-22,4.7178
2010-04-23,4.7184
2010-04-26,4.722
2010-04-27,4.724
2010-04-28,4.739
2010-04-29,4.7298
2010-04-30,4.7405
2010-05-03,4.7459
2010-05-04,4.7265
2010-05-05,4.7369
2010-05-06,4.7395
2010-05-07,4.7369
2010-05-10,4.7301
2010-05-11,4.7364
2010-05-12,4.731
2010-05-13,4.7342
2010-05-14,4.7438
2010-05-17,4.7506
2010-05-18,4.7361
2010-05-19,4.7391
2010-05-20,4.7416
2010-05-21,4.7505
2010-05-24,4.7526
2010-05-25,4.7608
2010-05-26,4.7649
2010-05-27,4.7668
2010-05-28,4.767
2010-05-31,4.7685
2010-06-01,4.7707
2010-06-02,4.7716
2010-06-03,4.7714
2010-06-04,4.7754
2010-06-07,4.7788
2010-06-08,4.776
2010-06-09,4.7715
2010-06-10,4.7607
2010-06-11,4.7517
2010-06-14,4.7429
2010-06-15,4.7407
2010-06-16,4.7444
2010-06-17,4.7451
2010-06-18,4.7471
2010-06-21,4.7503
2010-06-22,4.7449
2010-06-23,4.7527
2010-06-24,4.7685
2010-06-25,4.7725
2010-06-28,4.7626
2010-06-29,4.7715
2010-06-30,4.7788
2010-07-01,4.781
2010-07-02,4.7869
2010-07-05,4.7861
2010-07-06,4.7823
2010-07-07,4.7926
2010-07-08,4.7859
2010-07-09,4.7745
2010-07-12,4.7814
2010-07-13,4.7797
2010-07-14,4.7701
2010-07-15,4.7584
2010-07-16,4.7565
2010-07-19,4.7632
2010-07-20,4.7657
2010-07-21,4.7648
2010-07-22,4.7618
2010-07-23,4.7546
2010-07-26,4.7518
2010-07-27,4.7502
2010-07-28,4.7588
2010-07-29,4.759
2010-07-30,4.7638
2010-08-02,4.7556
2010-08-03,4.7494
2010-08-04,4.7471
2010-08-05,4.7394
2010-08-06,4.7387
2010-08-09,4.7244
2010-08-10,4.7202
2010-08-11,4.7122
2010-08-12,4.7089
2010-08-13,4.692
2010-08-16,4.6731
2010-08-17,4.6706
2010-08-18,4.6549
2010-08-19,4.6471
2010-08-20,4.6425
2010-08-23,4.6285
2010-08-24,4.6395
2010-08-25,4.6314
2010-08-26,4.6108
2010-08-27,4.6097
2010-08-30,4.5972
2010-08-31,4.5958
2010-09-01,4.5767
2010-09-02,4.5774
2010-09-03,4.5834
2010-09-06,4.5894
2010-09-07,4.5916
2010-09-08,4.5678
2010-09-09,4.5497
2010-09-10,4.5468
2010-09-13,4.5469
2010-09-14,4.567
2010-09-15,4.5757
2010-09-16,4.5793
2010-09-17,4.5728
2010-09-20,4.5798
2010-09-21,4.5833
2010-09-22,4.5686
2010-09-23,4.579
2010-09-24,4.5745
2010-09-27,4.5671
2010-09-28,4.5708
2010-09-29,4.5552
2010-09-30,4.5381
2010-10-01,4.5146
2010-10-04,4.5081
2010-10-05,4.5044
2010-10-06,4.4753
2010-10-07,4.471
2010-10-08,4.5067
2010-10-11,4.5045
2010-10-12,4.4888
2010-10-13,4.4927
2010-10-14,4.4799
2010-10-15,4.4903
2010-10-18,4.4999
2010-10-19,4.5013
2010-10-20,4.4995
2010-10-21,4.4907
2010-10-22,4.4965
2010-10-25,4.4833
2010-10-26,4.4892
2010-10-27,4.4899
2010-10-28,4.4801
2010-10-29,4.4905
2010-11-01,4.4565
2010-11-02,4.4627
2010-11-03,4.4564
2010-11-04,4.4564
2010-11-05,4.4523
2010-11-08,4.4402
2010-11-09,4.4413
2010-11-10,4.4613
2010-11-11,4.4849
2010-11-12,4.49
2010-11-15,4.5071
2010-11-16,4.4991
2010-11-17,4.5216
2010-11-18,4.5134
2010-11-19,4.5094
2010-11-22,4.5109
2010-11-23,4.5245
2010-11-24,4.515
2010-11-25,4.519
2010-11-26,4.5437
2010-11-29,4.5333
2010-11-30,4.5298
2010-12-01,4.5134
2010-12-02,4.5104
2010-12-03,4.5105
2010-12-06,4.5146
2010-12-07,4.5149
2010-12-08,4.5251
2010-12-09,4.5177
2010-12-10,4.5172
2010-12-13,4.5097
2010-12-14,4.5086
2010-12-15,4.5204
2010-12-16,4.5192
2010-12-17,4.5304
2010-12-20,4.5221
2010-12-21,4.5292
2010-12-22,4.5387
2010-12-23,4.5401
2010-12-24,4.5584
2010-12-27,4.5522
2010-12-28,4.5564
2010-12-29,4.5562
2010-12-30,4.5684
2010-12-31,4.5534
2011-01-03,4.5647
2011-01-04,4.5477
2011-01-05,4.5596
2011-01-06,4.5613
2011-01-07,4.5891
2011-01-10,4.6295
2011-01-11,4.6087
2011-01-12,4.599
2011-01-13,4.6073
2011-01-14,4.6251
2011-01-17,4.636
2011-01-18,4.6317
2011-01-19,4.6268
2011-01-20,4.6398
2011-01-21,4.6629
2011-01-24,4.7046
2011-01-25,4.704
2011-01-26,4.6797
2011-01-27,4.6817
2011-01-28,4.7014
2011-01-31,4.6839
2011-02-01,4.6926
2011-02-02,4.6858
2011-02-03,4.6879
2011-02-04,4.6788
2011-02-07,4.6682
2011-02-08,4.6652
2011-02-09,4.6633
2011-02-10,4.6776
2011-02-11,4.6792
2011-02-14,4.6658
2011-02-15,4.6606
2011-02-16,4.6531
2011-02-17,4.6535
2011-02-18,4.6545
2011-02-21,4.6488
2011-02-22,4.655
2011-02-23,4.6575
2011-02-24,4.6558
2011-02-25,4.6571
2011-02-28,4.6533
2011-03-01,4.6506
2011-03-02,4.6496
2011-03-03,4.6438
2011-03-04,4.642
2011-03-07,4.6396
2011-03-08,4.6249
2011-03-09,4.6133
2011-03-10,4.6206
2011-03-11,4.6331
2011-03-14,4.6182
2011-03-15,4.6344
2011-03-16,4.6308
2011-03-17,4.6053
2011-03-18,4.6109
2011-03-21,4.6123
2011-03-22,4.6189
2011-03-23,4.6208
2011-03-24,4.6135
2011-03-25,4.6128
2011-03-28,4.6185
2011-03-29,4.6231
2011-03-30,4.6243
2011-03-31,4.6193
2011-04-01,4.6245
2011-04-04,4.6225
2011-04-05,4.6188
2011-04-06,4.6073
2011-04-07,4.5978
2011-04-08,4.5981
2011-04-11,4.6021
2011-04-12,4.6084
2011-04-13,4.6148
2011-04-14,4.6198
2011-04-15,4.6126
2011-04-18,4.6103
2011-04-19,4.603
2011-04-20,4.5897
2011-04-21,4.6058
2011-04-26,4.5926
2011-04-27,4.6028
2011-04-28,4.6061
2011-04-29,4.6018
2011-05-02,4.6044
2011-05-03,4.6176
2011-05-04,4.6154
2011-05-05,4.6429
2011-05-06,4.6603
2011-05-09,4.6504
2011-05-10,4.6485
2011-05-11,4.6327
2011-05-12,4.667
2011-05-13,4.652
2011-05-16,4.663
2011-05-17,4.6573
2011-05-18,4.6536
2011-05-19,4.6569
2011-05-20,4.6671
2011-05-23,4.6725
2011-05-24,4.6818
2011-05-25,4.6893
2011-05-26,4.6846
2011-05-27,4.6774
2011-05-30,4.6783
2011-05-31,4.6783
2011-06-01,4.6727
2011-06-02,4.6723
2011-06-03,4.6825
2011-06-06,4.68
2011-06-07,4.6719
2011-06-08,4.6944
2011-06-09,4.7021
2011-06-10,4.6897
2011-06-13,4.7016
2011-06-14,4.7014
2011-06-15,4.7097
2011-06-16,4.731
2011-06-17,4.7246
2011-06-20,4.7236
2011-06-21,4.7221
2011-06-22,4.7143
2011-06-23,4.7265
2011-06-24,4.739
2011-06-27,4.769
2011-06-28,4.785
2011-06-29,4.7653
2011-06-30,4.7508
2011-07-01,4.7658
2011-07-04,4.7146
2011-07-05,4.7158
2011-07-06,4.7153
2011-07-07,4.694
2011-07-08,4.673
2011-07-11,4.6883
2011-07-12,4.697
2011-07-13,4.6753
2011-07-14,4.6557
2011-07-15,4.6541
2011-07-18,4.647
2011-07-19,4.629
2011-07-20,4.6308
2011-07-21,4.6329
2011-07-22,4.624
2011-07-25,4.6176
2011-07-26,4.6112
2011-07-27,4.6156
2011-07-28,4.616
2011-07-29,4.6325
2011-08-01,4.6177
2011-08-02,4.6318
2011-08-03,4.6254
2011-08-04,4.6342
2011-08-05,4.6394
2011-08-08,4.638
2011-08-09,4.6569
2011-08-10,4.6586
2011-08-11,4.6853
2011-08-12,4.6834
2011-08-15,4.6804
2011-08-16,4.6814
2011-08-17,4.6766
2011-08-18,4.6825
2011-08-19,4.6623
2011-08-22,4.663
2011-08-23,4.6631
2011-08-24,4.685
2011-08-25,4.6933
2011-08-26,4.6938
2011-08-29,4.6999
2011-08-30,4.7065
2011-08-31,4.6957
2011-09-01,4.699
2011-09-02,4.6881
2011-09-05,4.6871
2011-09-06,4.6811
2011-09-07,4.6896
2011-09-08,4.7038
2011-09-09,4.7087
2011-09-12,4.707
2011-09-13,4.721
2011-09-14,4.7323
2011-09-15,4.7441
2011-09-16,4.7592
2011-09-19,4.7765
2011-09-20,4.7648
2011-09-21,4.7885
2011-09-22,4.8093
2011-09-23,4.8397
2011-09-26,4.8615
2011-09-27,4.8218
2011-09-28,4.8484
2011-09-29,4.8738
2011-09-30,4.8776
2011-10-03,4.895
2011-10-04,4.9041
2011-10-05,4.8902
2011-10-06,4.8764
2011-10-07,4.8632
2011-10-10,4.8625
2011-10-11,4.8526
2011-10-12,4.8437
2011-10-13,4.8322
2011-10-14,4.818
2011-10-17,4.8073
2011-10-18,4.824
2011-10-19,4.8114
2011-10-20,4.851
2011-10-21,4.8525
2011-10-24,4.8433
2011-10-25,4.8485
2011-10-26,4.8473
2011-10-27,4.8018
2011-10-28,4.8019
2011-10-31,4.8201
2011-11-01,4.8679
2011-11-02,4.8418
2011-11-03,4.8331
2011-11-04,4.836
2011-11-07,4.8323
2011-11-08,4.8357
2011-11-09,4.8517
2011-11-10,4.8521
2011-11-11,4.858
2011-11-14,4.8444
2011-11-15,4.8631
2011-11-16,4.8544
2011-11-17,4.8621
2011-11-18,4.8766
2011-11-21,4.9045
2011-11-22,4.9076
2011-11-23,4.9289
2011-11-24,4.9105
2011-11-25,4.9287
2011-11-28,4.9059
2011-11-29,4.9205
2011-11-30,4.8612
2011-12-01,4.8476
2011-12-02,4.854
2011-12-05,4.853
2011-12-06,4.8669
2011-12-07,4.859
2011-12-08,4.8335
2011-12-09,4.8836
2011-12-12,4.8974
2011-12-13,4.9046
2011-12-14,4.9168
2011-12-15,4.9399
2011-12-16,4.9461
2011-12-19,4.9403
2011-12-20,4.9355
2011-12-21,4.9339
2011-12-22,4.9314
2011-12-23,4.9408
2011-12-27,4.9726
2011-12-28,4.9917
2011-12-29,5.0283
2011-12-30,5.0241
2012-01-02,4.9992
2012-01-03,4.9933
2012-01-04,5.0075
2012-01-05,5.0121
2012-01-06,5.016
2012-01-09,5.0329
2012-01-10,5.0103
2012-01-11,5.0395
2012-01-12,5.0331
2012-01-13,5.0309
2012-01-16,5.0486
2012-01-17,5.0324
2012-01-18,5.0288
2012-01-19,5.0079
2012-01-20,4.982
2012-01-23,4.9721
2012-01-24,4.9865
2012-01-25,5.005
2012-01-26,4.9596
2012-01-27,4.9304
2012-01-30,4.9378
2012-01-31,4.9029
2012-02-01,4.906
2012-02-02,4.9048
2012-02-03,4.8937
2012-02-06,4.9076
2012-02-07,4.9069
2012-02-08,4.8785
2012-02-09,4.8808
2012-02-10,4.9078
2012-02-13,4.8972
2012-02-14,4.899
2012-02-15,4.8897
2012-02-16,4.903
2012-02-17,4.8896
2012-02-20,4.8847
2012-02-21,4.8849
2012-02-22,4.8525
2012-02-23,4.8145
2012-02-24,4.8221
2012-02-27,4.8305
2012-02-28,4.8171
2012-02-29,4.8063
2012-03-01,4.8576
2012-03-02,4.8541
2012-03-05,4.8573
2012-03-06,4.8763
2012-03-07,4.8724
2012-03-08,4.8337
2012-03-09,4.8434
2012-03-12,4.8438
2012-03-13,4.8429
2012-03-14,4.8604
2012-03-15,4.8591
2012-03-16,4.8636
2012-03-19,4.8633
2012-03-20,4.8728
2012-03-21,4.8703
2012-03-22,4.8901
2012-03-23,4.881
2012-03-26,4.879
2012-03-27,4.876
2012-03-28,4.8874
2012-03-29,4.8978
2012-03-30,4.8968
2012-04-02,4.9003
2012-04-03,4.8981
2012-04-04,4.9273
2012-04-05,4.9165
2012-04-10,4.9043
2012-04-11,4.9023
2012-04-12,4.8895
2012-04-13,4.8756
2012-04-16,4.8785
2012-04-17,4.8857
2012-04-18,4.8979
2012-04-19,4.9034
2012-04-20,4.9004
2012-04-23,4.917
2012-04-24,4.9104
2012-04-25,4.9069
2012-04-26,4.9125
2012-04-27,4.8941
2012-04-30,4.8954
2012-05-02,4.9195
2012-05-03,4.9199
2012-05-04,4.9063
2012-05-07,4.928
2012-05-08,4.926
2012-05-09,4.9295
2012-05-10,4.9285
2012-05-11,4.9395
2012-05-14,4.957
2012-05-15,4.958
2012-05-16,4.9732
2012-05-17,4.9658
2012-05-18,4.9531
2012-05-21,4.9574
2012-05-22,4.9683
2012-05-23,4.9779
2012-05-24,4.9854
2012-05-25,5.0029
2012-05-28,4.9926
2012-05-29,5.0107
2012-05-30,5.0212
2012-05-31,5.0027
2012-06-01,5.0082
2012-06-04,4.956
2012-06-05,4.9651
2012-06-06,4.9451
2012-06-07,4.9467
2012-06-08,4.9724
2012-06-11,4.9858
2012-06-12,4.9705
2012-06-13,4.9711
2012-06-14,4.985
2012-06-15,4.9406
2012-06-18,4.9493
2012-06-19,4.9357
2012-06-20,4.9522
2012-06-21,4.9821
2012-06-22,4.9917
2012-06-25,5.0115
2012-06-26,5.0018
2012-06-27,5.0129
2012-06-28,5.0139
2012-06-29,4.9834
2012-07-02,4.9806
2012-07-03,4.9524
2012-07-04,4.9585
2012-07-05,4.9615
2012-07-06,4.9676
2012-07-09,4.984
2012-07-10,4.9696
2012-07-11,4.9936
2012-07-12,4.9923
2012-07-13,4.9532
2012-07-16,4.9596
2012-07-17,4.9543
2012-07-18,4.9776
2012-07-19,4.9577
2012-07-20,4.9725
2012-07-23,4.9765
2012-07-24,4.9782
2012-07-25,4.9605
2012-07-26,4.9473
2012-07-27,4.9415
2012-07-30,4.9503
2012-07-31,4.9484
2012-08-01,4.9445
2012-08-02,4.9486
2012-08-03,4.9541
2012-08-06,4.9388
2012-08-07,4.9446
2012-08-08,4.955
2012-08-09,4.9549
2012-08-10,4.948
2012-08-13,4.9382
2012-08-14,4.9411
2012-08-15,4.9604
2012-08-16,4.9574
2012-08-17,4.9571
2012-08-20,4.9557
2012-08-21,4.9467
2012-08-22,4.9404
2012-08-23,4.9131
2012-08-24,4.9136
2012-08-27,4.915
2012-08-28,4.9283
2012-08-29,4.9332
2012-08-30,4.9421
2012-08-31,4.9349
2012-09-03,4.9256
2012-09-04,4.9154
2012-09-05,4.925
2012-09-06,4.9226
2012-09-07,4.9182
2012-09-10,4.9056
2012-09-11,4.9055
2012-09-12,4.8934
2012-09-13,4.8997
2012-09-14,4.8709
2012-09-17,4.8726
2012-09-18,4.8864
2012-09-19,4.886
2012-09-20,4.9008
2012-09-21,4.8863
2012-09-24,4.9023
2012-09-25,4.9039
2012-09-26,4.9168
2012-09-27,4.9132
2012-09-28,4.8992
2012-10-01,4.8993
2012-10-02,4.846
2012-10-03,4.8422
2012-10-04,4.826
2012-10-05,4.8307
2012-10-08,4.8817
2012-10-09,4.8734
2012-10-10,4.874
2012-10-11,4.8925
2012-10-12,4.8901
2012-10-15,4.8922
2012-10-16,4.8958
2012-10-17,4.8973
2012-10-18,4.9029
2012-10-19,4.9125
2012-10-22,4.9148
2012-10-23,4.9183
2012-10-24,4.917
2012-10-25,4.9168
2012-10-26,4.9192
2012-10-29,4.9219
2012-10-30,4.9182
2012-10-31,4.9205
2012-11-01,4.9211
2012-11-02,4.9266
2012-11-05,4.9335
2012-11-06,4.9114
2012-11-07,4.9037
2012-11-08,4.906
2012-11-09,4.9077
2012-11-12,4.9185
2012-11-13,4.9233
2012-11-14,4.9332
2012-11-15,4.9278
2012-11-16,4.9315
2012-11-19,4.9272
2012-11-20,4.9207
2012-11-21,4.9262
2012-11-22,4.9263
2012-11-23,4.9289
2012-11-26,4.9282
2012-11-27,4.9306
2012-11-28,4.9357
2012-11-29,4.9316
2012-11-30,4.928
2012-12-03,4.9208
2012-12-04,4.9296
2012-12-05,4.9245
2012-12-06,4.9214
2012-12-07,4.9271
2012-12-10,4.9118
2012-12-11,4.9022
2012-12-12,4.9003
2012-12-13,4.8969
2012-12-14,4.9039
2012-12-17,4.9047
2012-12-18,4.9081
2012-12-19,4.9115
2012-12-20,4.913
2012-12-21,4.9154
2012-12-24,4.9106
2012-12-27,4.9142
2012-12-28,4.9108
2012-12-31,4.908
2013-01-02,4.8676
2013-01-03,4.8702
2013-01-04,4.8968
2013-01-07,4.8862
2013-01-08,4.8899
2013-01-09,4.8778
2013-01-10,4.8673
2013-01-11,4.8689
2013-01-14,4.8615
2013-01-15,4.8297
2013-01-16,4.8024
2013-01-17,4.7853
2013-01-18,4.7812
2013-01-21,4.7801
2013-01-22,4.7809
2013-01-23,4.7906
2013-01-24,4.7888
2013-01-25,4.8101
2013-01-28,4.8112
2013-01-29,4.793
2013-01-30,4.7821
2013-01-31,4.7967
2013-02-01,4.7854
2013-02-04,4.7755
2013-02-05,4.775
2013-02-06,4.7801
2013-02-07,4.7785
2013-02-08,4.7776
2013-02-11,4.7895
2013-02-12,4.7915
2013-02-13,4.7846
2013-02-14,4.7829
2013-02-15,4.7929
2013-02-18,4.7858
2013-02-19,4.7835
2013-02-20,4.7804
2013-02-21,4.7856
2013-02-22,4.7816
2013-02-25,4.7809
2013-02-26,4.7875
2013-02-27,4.7915
2013-02-28,4.7828
2013-03-01,4.7865
2013-03-04,4.7914
2013-03-05,4.7913
2013-03-06,4.7852
2013-03-07,4.7828
2013-03-08,4.7785
2013-03-11,4.7809
2013-03-12,4.7601
2013-03-13,4.7633
2013-03-14,4.77
2013-03-15,4.7516
2013-03-18,4.7487
2013-03-19,4.7106
2013-03-20,4.6843
2013-03-21,4.6912
2013-03-22,4.72
2013-03-25,4.7168
2013-03-26,4.7165
2013-03-27,4.7151
2013-03-28,4.7014
2013-04-02,4.7394
2013-04-03,4.7308
2013-04-04,4.7363
2013-04-05,4.7263
2013-04-08,4.712
2013-04-09,4.6821
2013-04-10,4.6853
2013-04-11,4.6851
2013-04-12,4.6883
2013-04-15,4.7003
2013-04-16,4.6854
2013-04-17,4.6754
2013-04-18,4.6448
2013-04-19,4.6295
2013-04-22,4.6378
2013-04-23,4.6657
2013-04-24,4.6826
2013-04-25,4.7211
2013-04-26,4.7526
2013-04-29,4.7478
2013-04-30,4.7522
2013-05-02,4.7807
2013-05-03,4.8053
2013-05-06,4.7935
2013-05-07,4.8003
2013-05-08,4.7791
2013-05-09,4.7987
2013-05-10,4.848
2013-05-13,4.8286
2013-05-14,4.8366
2013-05-15,4.8412
2013-05-16,4.8461
2013-05-17,4.8487
2013-05-20,4.856
2013-05-21,4.8592
2013-05-22,4.8605
2013-05-23,4.8777
2013-05-24,4.8793
2013-05-27,4.8782
2013-05-28,4.904
2013-05-29,4.924
2013-05-30,4.9265
2013-05-31,4.9481
2013-06-03,4.9676
2013-06-04,4.9619
2013-06-05,4.9806
2013-06-06,4.9957
2013-06-07,4.9875
2013-06-10,5.0201
2013-06-11,5.0526
2013-06-12,5.0478
2013-06-13,5.0192
2013-06-14,4.988
2013-06-17,5.0075
2013-06-18,5.0339
2013-06-19,5.0155
2013-06-20,5.0781
2013-06-21,5.0726
2013-06-24,5.0642
2013-06-25,5.0367
2013-06-26,5.072
2013-06-27,5.0611
2013-06-28,5.0589
2013-07-01,5.0508
2013-07-02,5.0498
2013-07-03,5.0712
2013-07-04,5.0785
2013-07-05,5.0795
2013-07-08,5.1274
2013-07-09,5.1046
2013-07-10,5.0974
2013-07-11,5.0785
2013-07-12,5.0797
2013-07-15,5.0799
2013-07-16,5.0611
2013-07-17,5.0673
2013-07-18,5.0624
2013-07-19,5.0559
2013-07-22,5.0413
2013-07-23,5.0444
2013-07-24,5.0432
2013-07-25,5.0727
2013-07-26,5.0787
2013-07-29,5.0829
2013-07-30,5.0999
2013-07-31,5.1053
2013-08-01,5.1024
2013-08-02,5.1212
2013-08-05,5.1137
2013-08-06,5.1293
2013-08-07,5.1379
2013-08-08,5.1057
2013-08-09,5.1077
2013-08-12,5.1029
2013-08-13,5.1053
2013-08-14,5.1214
2013-08-15,5.1169
2013-08-16,5.1154
2013-08-19,5.125
2013-08-20,5.1693
2013-08-21,5.198
2013-08-22,5.2345
2013-08-23,5.2287
2013-08-26,5.2168
2013-08-27,5.2584
2013-08-28,5.2776
2013-08-29,5.2565
2013-08-30,5.2553
2013-09-02,5.2348
2013-09-03,5.2517
2013-09-04,5.2621
2013-09-05,5.2855
2013-09-06,5.2872
2013-09-09,5.2598
2013-09-10,5.2556
2013-09-11,5.2279
2013-09-12,5.1872
2013-09-13,5.2074
2013-09-16,5.1796
2013-09-17,5.1834
2013-09-18,5.1722
2013-09-19,5.0593
2013-09-20,5.0682
2013-09-23,5.1117
2013-09-24,5.1168
2013-09-25,5.112
2013-09-26,5.0991
2013-09-27,5.1123
2013-09-30,5.1139
2013-10-01,5.0902
2013-10-02,5.1116
2013-10-03,5.1105
2013-10-04,5.1142
2013-10-07,5.1282
2013-10-08,5.1201
2013-10-09,5.137
2013-10-10,5.1285
2013-10-11,5.1123
2013-10-14,5.1264
2013-10-15,5.1262
2013-10-16,5.1269
2013-10-17,5.0877
2013-10-18,5.0927
2013-10-21,5.1015
2013-10-22,5.1143
2013-10-23,5.1217
2013-10-24,5.1175
2013-10-25,5.1116
2013-10-28,5.1041
2013-10-29,5.0996
2013-10-30,5.0947
2013-10-31,5.1092
2013-11-01,5.1145
2013-11-04,5.126
2013-11-05,5.1233
2013-11-06,5.1321
2013-11-07,5.1425
2013-11-08,5.1445
2013-11-11,5.1919
2013-11-12,5.184
2013-11-13,5.1832
2013-11-14,5.1858
2013-11-15,5.1859
2013-11-18,5.185
2013-11-19,5.1846
2013-11-20,5.1969
2013-11-21,5.2214
2013-11-22,5.2236
2013-11-25,5.2485
2013-11-26,5.2663
2013-11-27,5.2717
2013-11-28,5.2726
2013-11-29,5.2611
2013-12-02,5.2747
2013-12-03,5.2825
2013-12-04,5.2937
2013-12-05,5.2989
2013-12-06,5.3106
2013-12-09,5.2909
2013-12-10,5.2822
2013-12-11,5.279
2013-12-12,5.2825
2013-12-13,5.2781
2013-12-16,5.2749
2013-12-17,5.2907
2013-12-18,5.3143
2013-12-19,5.3451
2013-12-20,5.3704
2013-12-23,5.3854
2013-12-24,5.3887
2013-12-27,5.4167
2013-12-30,5.4132
2013-12-31,5.4111
2014-01-02,5.4472
2014-01-03,5.4527
2014-01-06,5.4644
2014-01-07,5.4672
2014-01-08,5.4598
2014-01-09,5.4541
2014-01-10,5.4638
2014-01-13,5.4582
2014-01-14,5.4153
2014-01-15,5.4325
2014-01-16,5.4146
2014-01-17,5.4292
2014-01-20,5.4217
2014-01-21,5.4408
2014-01-22,5.4358
2014-01-23,5.4339
2014-01-24,5.4324
2014-01-27,5.4388
2014-01-28,5.4374
2014-01-29,5.4357
2014-01-30,5.4367
2014-01-31,5.444
2014-02-03,5.4776
2014-02-04,5.4051
2014-02-05,5.4058
2014-02-06,5.4148
2014-02-07,5.42
2014-02-10,5.4143
2014-02-11,5.4003
2014-02-12,5.3702
2014-02-13,5.3744
2014-02-14,5.3265
2014-02-17,5.3161
2014-02-18,5.3475
2014-02-19,5.3569
2014-02-20,5.3577
2014-02-21,5.342
2014-02-24,5.3386
2014-02-25,5.3161
2014-02-26,5.3145
2014-02-27,5.3118
2014-02-28,5.3095
2014-03-03,5.2983
2014-03-04,5.2775
2014-03-05,5.2697
2014-03-06,5.2757
2014-03-07,5.2677
2014-03-10,5.2733
2014-03-11,5.2585
2014-03-12,5.2785
2014-03-13,5.2662
2014-03-14,5.2502
2014-03-17,5.2207
2014-03-18,5.1893
2014-03-19,5.1912
2014-03-20,5.2211
2014-03-21,5.1977
2014-03-24,5.2436
2014-03-25,5.2521
2014-03-26,5.2487
2014-03-27,5.2435
2014-03-28,5.2316
2014-03-31,5.2136
2014-04-01,5.2145
2014-04-02,5.2222
2014-04-03,5.2288
2014-04-04,5.2401
2014-04-07,5.2285
2014-04-08,5.2168
2014-04-09,5.2056
2014-04-10,5.1878
2014-04-11,5.2019
2014-04-14,5.1906
2014-04-15,5.1888
2014-04-16,5.1833
2014-04-17,5.176
2014-04-22,5.1822
2014-04-23,5.1858
2014-04-24,5.1801
2014-04-25,5.1571
2014-04-28,5.1558
2014-04-29,5.1598
2014-04-30,5.1693
2014-05-02,5.1689
2014-05-05,5.18
2014-05-06,5.1934
2014-05-07,5.194
2014-05-08,5.2164
2014-05-09,5.2358
2014-05-12,5.2299
2014-05-13,5.2356
2014-05-14,5.2057
2014-05-15,5.2101
2014-05-16,5.2135
2014-05-19,5.2059
2014-05-20,5.2201
2014-05-21,5.2093
2014-05-22,5.224
2014-05-23,5.2263
2014-05-26,5.2229
2014-05-27,5.2223
2014-05-28,5.2283
2014-05-29,5.2565
2014-05-30,5.2567
2014-06-02,5.2608
2014-06-03,5.2229
2014-06-04,5.2276
2014-06-05,5.2239
2014-06-06,5.2093
2014-06-09,5.1952
2014-06-10,5.2212
2014-06-11,5.2196
2014-06-12,5.2189
2014-06-13,5.2201
2014-06-16,5.1967
2014-06-17,5.21
2014-06-18,5.2177
2014-06-19,5.2226
2014-06-20,5.2124
2014-06-23,5.2138
2014-06-24,5.2036
2014-06-25,5.208
2014-06-26,5.2176
2014-06-27,5.2216
2014-06-30,5.2316
2014-07-01,5.2268
2014-07-02,5.2118
2014-07-03,5.2156
2014-07-04,5.2197
2014-07-07,5.224
2014-07-08,5.222
2014-07-09,5.1983
2014-07-10,5.1879
2014-07-11,5.1824
2014-07-14,5.1775
2014-07-15,5.1808
2014-07-16,5.1745
2014-07-17,5.1841
2014-07-18,5.176
2014-07-21,5.139
2014-07-22,5.1243
2014-07-23,5.1288
2014-07-24,5.1389
2014-07-25,5.1374
2014-07-28,5.1402
2014-07-29,5.1486
2014-07-30,5.1695
2014-07-31,5.1995
2014-08-01,5.219
2014-08-04,5.2054
2014-08-05,5.2084
2014-08-06,5.2356
2014-08-07,5.2379
2014-08-08,5.2182
2014-08-11,5.2156
2014-08-12,5.2138
2014-08-13,5.1996
2014-08-14,5.18
2014-08-15,5.1802
2014-08-18,5.1784
2014-08-19,5.1871
2014-08-20,5.206
2014-08-21,5.1967
2014-08-22,5.1939
2014-08-25,5.1967
2014-08-26,5.1823
2014-08-27,5.1952
2014-08-28,5.2042
2014-08-29,5.2014
2014-09-01,5.2049
2014-09-02,5.221
2014-09-03,5.2172
2014-09-04,5.2192
2014-09-05,5.2237
2014-09-08,5.214
2014-09-09,5.2323
2014-09-10,5.2491
2014-09-11,5.2531
2014-09-12,5.249
2014-09-15,5.2552
2014-09-16,5.2462
2014-09-17,5.2512
2014-09-18,5.2606
2014-09-19,5.2455
2014-09-22,5.2466
2014-09-23,5.2469
2014-09-24,5.2514
2014-09-25,5.266
2014-09-26,5.2741
2014-09-29,5.2637
2014-09-30,5.2807
2014-10-01,5.2906
2014-10-02,5.2833
2014-10-03,5.2977
2014-10-06,5.3126
2014-10-07,5.3134
2014-10-08,5.3125
2014-10-09,5.282
2014-10-10,5.295
2014-10-13,5.2923
2014-10-14,5.3076
2014-10-15,5.3066
2014-10-16,5.3058
2014-10-17,5.2862
2014-10-20,5.2759
2014-10-21,5.2716
2014-10-22,5.2808
2014-10-23,5.2866
2014-10-24,5.2986
2014-10-27,5.3023
2014-10-28,5.3054
2014-10-29,5.3124
2014-10-30,5.3257
2014-10-31,5.3334
2014-11-03,5.339
2014-11-04,5.3415
2014-11-05,5.3719
2014-11-06,5.3691
2014-11-07,5.3699
2014-11-10,5.3576
2014-11-11,5.3693
2014-11-12,5.3604
2014-11-13,5.3541
2014-11-14,5.3608
2014-11-17,5.3504
2014-11-18,5.3529
2014-11-19,5.3625
2014-11-20,5.356
2014-11-21,5.3425
2014-11-24,5.3452
2014-11-25,5.3465
2014-11-26,5.34
2014-11-27,5.3383
2014-11-28,5.3463
2014-12-01,5.3371
2014-12-02,5.3427
2014-12-03,5.3478
2014-12-04,5.347
2014-12-05,5.3536
2014-12-08,5.3545
2014-12-09,5.3209
2014-12-10,5.313
2014-12-11,5.3034
2014-12-12,5.2984
2014-12-15,5.3185
2014-12-16,5.3208
2014-12-17,5.3193
2014-12-18,5.2873
2014-12-19,5.2829
2014-12-22,5.2814
2014-12-23,5.285
2014-12-24,5.2876
2014-12-29,5.2981
2014-12-30,5.3046
2014-12-31,5.2961
2015-01-02,5.3091
2015-01-05,5.3025
2015-01-06,5.2986
2015-01-07,5.2933
2015-01-08,5.2894
2015-01-09,5.2981
2015-01-12,5.3033
2015-01-13,5.2993
2015-01-14,5.2904
2015-01-15,5.2873
2015-01-16,5.2551
2015-01-19,5.2392
2015-01-20,5.26
2015-01-21,5.2414
2015-01-22,5.2466
2015-01-23,5.2354
2015-01-26,5.2089
2015-01-27,5.2134
2015-01-28,5.2103
2015-01-29,5.2432
2015-01-30,5.2457
2015-02-02,5.2067
2015-02-03,5.2149
2015-02-04,5.2184
2015-02-05,5.2187
2015-02-06,5.2054
2015-02-09,5.2262
2015-02-10,5.2286
2015-02-11,5.2285
2015-02-12,5.2364
2015-02-13,5.2289
2015-02-16,5.2153
2015-02-17,5.2076
2015-02-18,5.2086
2015-02-19,5.2035
2015-02-20,5.2061
2015-02-23,5.2041
2015-02-24,5.2065
2015-02-25,5.1966
2015-02-26,5.163
2015-02-27,5.1551
2015-03-02,5.1517
2015-03-03,5.1584
2015-03-04,5.1676
2015-03-05,5.1721
2015-03-06,5.1756
2015-03-09,5.199
2015-03-10,5.2204
2015-03-11,5.2516
2015-03-12,5.2399
2015-03-13,5.2566
2015-03-16,5.2581
2015-03-17,5.2682
2015-03-18,5.286
2015-03-19,5.2914
2015-03-20,5.2685
2015-03-23,5.2346
2015-03-24,5.2322
2015-03-25,5.2334
2015-03-26,5.2384
2015-03-27,5.2365
2015-03-30,5.2475
2015-03-31,5.2493
2015-04-01,5.2451
2015-04-02,5.2436
2015-04-07,5.255
2015-04-08,5.2491
2015-04-09,5.2418
2015-04-10,5.2441
2015-04-13,5.2441
2015-04-14,5.2247
2015-04-15,5.2293
2015-04-16,5.2291
2015-04-17,5.2217
2015-04-20,5.2195
2015-04-21,5.2188
2015-04-22,5.2243
2015-04-23,5.2368
2015-04-24,5.2544
2015-04-27,5.2571
2015-04-28,5.2519
2015-04-29,5.2986
2015-04-30,5.3151
2015-05-04,5.3662
2015-05-05,5.3852
2015-05-06,5.3674
2015-05-07,5.4139
2015-05-08,5.3988
2015-05-11,5.4226
2015-05-12,5.4337
2015-05-13,5.4094
2015-05-14,5.4004
2015-05-15,5.4171
2015-05-18,5.3745
2015-05-19,5.3867
2015-05-20,5.4128
2015-05-21,5.3933
2015-05-22,5.3823
2015-05-25,5.416
2015-05-26,5.4288
2015-05-27,5.4616
2015-05-28,5.4625
2015-05-29,5.4427
2015-06-01,5.4391
2015-06-02,5.45
2015-06-03,5.4336
2015-06-04,5.4392
2015-06-05,5.4355
2015-06-08,5.441
2015-06-09,5.4349
2015-06-10,5.42
2015-06-11,5.4386
2015-06-12,5.4296
2015-06-15,5.4295
2015-06-16,5.4255
2015-06-17,5.4299
2015-06-18,5.4175
2015-06-19,5.4256
2015-06-22,5.4195
2015-06-23,5.4385
2015-06-24,5.4403
2015-06-25,5.4369
2015-06-26,5.4445
2015-06-29,5.4448
2015-06-30,5.4488
2015-07-01,5.4529
2015-07-02,5.4501
2015-07-03,5.4435
2015-07-06,5.452
2015-07-07,5.466
2015-07-08,5.4785
2015-07-09,5.4639
2015-07-10,5.4643
2015-07-13,5.4811
2015-07-14,5.4815
2015-07-15,5.488
2015-07-16,5.5095
2015-07-17,5.5001
2015-07-20,5.5453
2015-07-21,5.5527
2015-07-22,5.5831
2015-07-23,5.5953
2015-07-24,5.6293
2015-07-27,5.6191
2015-07-28,5.6204
2015-07-29,5.6292
2015-07-30,5.6501
2015-07-31,5.6637
2015-08-03,5.6497
2015-08-04,5.6423
2015-08-05,5.6742
2015-08-06,5.6638
2015-08-07,5.6609
2015-08-10,5.6588
2015-08-11,5.5794
2015-08-12,5.52
2015-08-13,5.5137
2015-08-14,5.5076
2015-08-17,5.5315
2015-08-18,5.5583
2015-08-19,5.5655
2015-08-20,5.578
2015-08-21,5.5771
2015-08-24,5.5844
2015-08-25,5.5414
2015-08-26,5.5653
2015-08-27,5.5647
2015-08-28,5.6167
2015-08-31,5.6162
2015-09-01,5.6164
2015-09-02,5.6265
2015-09-03,5.6459
2015-09-04,5.6389
2015-09-07,5.6731
2015-09-08,5.668
2015-09-09,5.6572
2015-09-10,5.6621
2015-09-11,5.6707
2015-09-14,5.6581
2015-09-15,5.6437
2015-09-16,5.6461
2015-09-17,5.615
2015-09-18,5.586
2015-09-21,5.6208
2015-09-22,5.6466
2015-09-23,5.6609
2015-09-24,5.6939
2015-09-25,5.6726
2015-09-28,5.7108
2015-09-29,5.7255
2015-09-30,5.7175
2015-10-01,5.7305
2015-10-02,5.7574
2015-10-05,5.7205
2015-10-06,5.7132
2015-10-07,5.6409
2015-10-08,5.6638
2015-10-09,5.6027
2015-10-12,5.5903
2015-10-13,5.6198
2015-10-14,5.5958
2015-10-15,5.5408
2015-10-16,5.5583
2015-10-19,5.5594
2015-10-20,5.5772
2015-10-21,5.6008
2015-10-22,5.5982
2015-10-23,5.5766
2015-10-26,5.5808
2015-10-27,5.5888
2015-10-28,5.5783
2015-10-29,5.6134
2015-10-30,5.623
2015-11-02,5.6178
2015-11-03,5.6148
2015-11-04,5.5961
2015-11-05,5.6037
2015-11-06,5.6001
2015-11-09,5.6475
2015-11-10,5.6495
2015-11-11,5.6344
2015-11-12,5.6385
2015-11-13,5.6325
2015-11-16,5.6439
2015-11-17,5.6382
2015-11-18,5.6414
2015-11-19,5.6157
2015-11-20,5.5978
2015-11-23,5.6139
2015-11-24,5.605
2015-11-25,5.5921
2015-11-26,5.5968
2015-11-27,5.613
2015-11-30,5.603
2015-12-01,5.5971
2015-12-02,5.5968
2015-12-03,5.6044
2015-12-04,5.5988
2015-12-07,5.596
2015-12-08,5.6044
2015-12-09,5.593
2015-12-10,5.5984
2015-12-11,5.5884
2015-12-14,5.5935
2015-12-15,5.5518
2015-12-16,5.5752
2015-12-17,5.5631
2015-12-18,5.5746
2015-12-21,5.5725
2015-12-22,5.5692
2015-12-23,5.5669
2015-12-24,5.5646
2015-12-28,5.5691
2015-12-29,5.5608
2015-12-30,5.547
2015-12-31,5.5586
2016-01-04,5.5341
2016-01-05,5.5393
2016-01-06,5.5289
2016-01-07,5.5031
2016-01-08,5.5027
2016-01-11,5.519
2016-01-12,5.5233
2016-01-13,5.5122
2016-01-14,5.5079
2016-01-15,5.5232
2016-01-18,5.5145
2016-01-19,5.5147
2016-01-20,5.5153
2016-01-21,5.5121
2016-01-22,5.4738
2016-01-25,5.4625
2016-01-26,5.4498
2016-01-27,5.4402
2016-01-28,5.4483
2016-01-29,5.4272
2016-02-01,5.413
2016-02-02,5.4331
2016-02-03,5.4507
2016-02-04,5.4216
2016-02-05,5.4029
2016-02-08,5.4057
2016-02-09,5.3878
2016-02-10,5.3769
2016-02-11,5.3618
2016-02-12,5.4158
2016-02-15,5.4841
2016-02-16,5.4701
2016-02-17,5.4589
2016-02-18,5.4569
2016-02-19,5.4807
2016-02-22,5.4817
2016-02-23,5.4754
2016-02-24,5.4619
2016-02-25,5.4594
2016-02-26,5.4529
2016-02-29,5.4417
2016-03-01,5.4344
2016-03-02,5.4292
2016-03-03,5.4247
2016-03-04,5.4313
2016-03-07,5.4335
2016-03-08,5.4399
2016-03-09,5.4185
2016-03-10,5.4126
2016-03-11,5.399
2016-03-14,5.394
2016-03-15,5.3921
2016-03-16,5.3755
2016-03-17,5.3672
2016-03-18,5.3803
2016-03-21,5.3911
2016-03-22,5.3803
2016-03-23,5.4112
2016-03-24,5.4233
2016-03-29,5.444
2016-03-30,5.4377
2016-03-31,5.4436
2016-04-01,5.4281
2016-04-04,5.4386
2016-04-05,5.4491
2016-04-06,5.4398
2016-04-07,5.4429
2016-04-08,5.4212
2016-04-11,5.4208
2016-04-12,5.4247
2016-04-13,5.4134
2016-04-14,5.414
2016-04-15,5.4171
2016-04-18,5.4075
2016-04-19,5.3954
2016-04-20,5.3897
2016-04-21,5.4054
2016-04-22,5.3899
2016-04-25,5.4001
2016-04-26,5.4139
2016-04-27,5.4089
2016-04-28,5.4109
2016-04-29,5.3851
2016-05-02,5.3853
2016-05-03,5.3887
2016-05-04,5.3988
2016-05-05,5.4013
2016-05-06,5.409
2016-05-09,5.3983
2016-05-10,5.4059
2016-05-11,5.4207
2016-05-12,5.4236
2016-05-13,5.4332
2016-05-16,5.4239
2016-05-17,5.4379
2016-05-18,5.4488
2016-05-19,5.452
2016-05-20,5.457
2016-05-23,5.4407
2016-05-24,5.4508
2016-05-25,5.4375
2016-05-26,5.4287
2016-05-27,5.4381
2016-05-30,5.4287
2016-05-31,5.4217
2016-06-01,5.4214
2016-06-02,5.4087
2016-06-03,5.4063
2016-06-06,5.3714
2016-06-07,5.3621
2016-06-08,5.352
2016-06-09,5.3693
2016-06-10,5.3667
2016-06-13,5.3454
2016-06-14,5.3496
2016-06-15,5.3585
2016-06-16,5.3612
2016-06-17,5.353
2016-06-20,5.3482
2016-06-21,5.3497
2016-06-22,5.3506
2016-06-23,5.3514
2016-06-24,5.3321
2016-06-27,5.3126
2016-06-28,5.3069
2016-06-29,5.297
2016-06-30,5.2887
2016-07-01,5.2668
2016-07-04,5.2578
2016-07-05,5.2653
2016-07-06,5.2625
2016-07-07,5.2643
2016-07-08,5.2748
2016-07-11,5.2508
2016-07-12,5.2612
2016-07-13,5.2582
2016-07-14,5.2449
2016-07-15,5.2314
2016-07-18,5.2163
2016-07-19,5.2271
2016-07-20,5.2493
2016-07-21,5.2464
2016-07-22,5.2331
2016-07-25,5.2459
2016-07-26,5.2475
2016-07-27,5.2449
2016-07-28,5.238
2016-07-29,5.2379
2016-08-01,5.2344
2016-08-02,5.2412
2016-08-03,5.2708
2016-08-04,5.2576
2016-08-05,5.2419
2016-08-08,5.2531
2016-08-09,5.2491
2016-08-10,5.2393
2016-08-11,5.2338
2016-08-12,5.233
2016-08-15,5.2156
2016-08-16,5.2203
2016-08-17,5.2261
2016-08-18,5.2189
2016-08-19,5.2085
2016-08-22,5.2123
2016-08-23,5.21
2016-08-24,5.2008
2016-08-25,5.1942
2016-08-26,5.1786
2016-08-29,5.18
2016-08-30,5.1778
2016-08-31,5.1875
2016-09-01,5.1859
2016-09-02,5.1821
2016-09-05,5.1964
2016-09-06,5.1898
2016-09-07,5.1971
2016-09-08,5.2116
2016-09-09,5.2076
2016-09-12,5.2197
2016-09-13,5.2255
2016-09-14,5.2261
2016-09-15,5.2282
2016-09-16,5.2313
2016-09-19,5.2216
2016-09-20,5.2154
2016-09-21,5.2045
2016-09-22,5.197
2016-09-23,5.1919
2016-09-26,5.1883
2016-09-27,5.1867
2016-09-28,5.1847
2016-09-29,5.1966
2016-09-30,5.1965
2016-10-03,5.1906
2016-10-04,5.2012
2016-10-05,5.2146
2016-10-06,5.2255
2016-10-07,5.2326
2016-10-10,5.2334
2016-10-11,5.2672
2016-10-12,5.3218
2016-10-13,5.2885
2016-10-14,5.2438
2016-10-17,5.2347
2016-10-18,5.204
2016-10-19,5.1806
2016-10-20,5.1917
2016-10-21,5.195
2016-10-24,5.1669
2016-10-25,5.1568
2016-10-26,5.1705
2016-10-27,5.1758
2016-10-28,5.1695
2016-10-31,5.1684
2016-11-01,5.1735
2016-11-02,5.1722
2016-11-03,5.1704
2016-11-04,5.1768
2016-11-07,5.1678
2016-11-08,5.1508
2016-11-09,5.1512
2016-11-10,5.1721
2016-11-11,5.1876
2016-11-14,5.1826
2016-11-15,5.1619
2016-11-16,5.162
2016-11-17,5.159
2016-11-18,5.1594
2016-11-21,5.1448
2016-11-22,5.1509
2016-11-23,5.1592
2016-11-24,5.1563
2016-11-25,5.1518
2016-11-28,5.1486
2016-11-29,5.174
2016-11-30,5.1798
2016-12-01,5.1794
2016-12-02,5.1708
2016-12-05,5.1787
2016-12-06,5.1736
2016-12-07,5.1778
2016-12-08,5.1774
2016-12-09,5.1643
2016-12-12,5.1573
2016-12-13,5.1578
2016-12-14,5.1541
2016-12-15,5.1604
2016-12-16,5.1508
2016-12-19,5.1608
2016-12-20,5.1788
2016-12-21,5.1832
2016-12-22,5.185
2016-12-23,5.1773
2016-12-27,5.1794
2016-12-28,5.1772
2016-12-29,5.1671
2016-12-30,5.1537
2017-01-02,5.157
2017-01-03,5.1583
2017-01-04,5.1636
2017-01-05,5.1996
2017-01-06,5.1547
2017-01-09,5.1501
2017-01-10,5.1438
2017-01-11,5.1321
2017-01-12,5.1263
2017-01-13,5.1302
2017-01-16,5.1328
2017-01-17,5.152
2017-01-18,5.1631
2017-01-19,5.1554
2017-01-20,5.1528
2017-01-23,5.1506
2017-01-24,5.1334
2017-01-25,5.1191
2017-01-26,5.1302
2017-01-27,5.1162
2017-01-30,5.1287
2017-01-31,5.1092
2017-02-01,5.1022
2017-02-02,5.0947
2017-02-03,5.1037
2017-02-06,5.1038
2017-02-07,5.0915
2017-02-08,5.0971
2017-02-09,5.099
2017-02-10,5.1015
2017-02-13,5.102
2017-02-14,5.0964
2017-02-15,5.0984
2017-02-16,5.1052
2017-02-17,5.0961
2017-02-20,5.092
2017-02-21,5.0887
2017-02-22,5.09
2017-02-23,5.0885
2017-02-24,5.0781
2017-02-27,5.0719
2017-02-28,5.0772
2017-03-01,5.0876
2017-03-02,5.0835
2017-03-03,5.083
2017-03-06,5.0793
2017-03-07,5.0854
2017-03-08,5.1041
2017-03-09,5.114
2017-03-10,5.1211
2017-03-13,5.1104
2017-03-14,5.1086
2017-03-15,5.0999
2017-03-16,5.0722
2017-03-17,5.0469
2017-03-20,5.0272
2017-03-21,5.0302
2017-03-22,5.028
2017-03-23,5.025
2017-03-24,5.0202
2017-03-27,4.9942
2017-03-28,4.9983
2017-03-29,4.9972
2017-03-30,4.9952
2017-03-31,4.9868
2017-04-03,4.9927
2017-04-04,5.0002
2017-04-05,5.0056
2017-04-06,5.0157
2017-04-07,5.0179
2017-04-10,5.0194
2017-04-11,5.0134
2017-04-12,5.0014
2017-04-13,4.9849
2017-04-18,4.9906
2017-04-19,4.9942
2017-04-20,4.993
2017-04-21,4.9942
2017-04-24,4.9904
2017-04-25,4.9999
2017-04-26,5.0023
2017-04-27,5.0211
2017-04-28,5.0135
2017-05-02,5.0034
2017-05-03,5.0027
2017-05-04,5.0219
2017-05-05,5.0289
2017-05-08,5.0219
2017-05-09,5.0334
2017-05-10,5.0357
2017-05-11,5.0349
2017-05-12,5.0339
2017-05-15,5.0117
2017-05-16,5.0124
2017-05-17,5.0123
2017-05-18,5.0052
2017-05-19,4.9889
2017-05-22,4.9888
2017-05-23,4.9895
2017-05-24,4.9863
2017-05-25,4.981
2017-05-26,4.965
2017-05-29,4.9754
2017-05-30,4.9784
2017-05-31,5.0007
2017-06-01,5.0155
2017-06-02,5.0069
2017-06-05,5.0005
2017-06-06,4.9968
2017-06-07,5.0052
2017-06-08,5.0071
2017-06-09,5.0126
2017-06-12,5.0101
2017-06-13,4.9902
2017-06-14,4.9934
2017-06-15,4.9948
2017-06-16,4.984
2017-06-19,4.9788
2017-06-20,4.9789
2017-06-21,4.9809
2017-06-22,4.9756
2017-06-23,4.9634
2017-06-26,4.9657
2017-06-27,4.9821
2017-06-28,5.0001
2017-06-29,5.0105
2017-06-30,5.0067
2017-07-03,5.0007
2017-07-04,5.0009
2017-07-05,5.0052
2017-07-06,5.0101
2017-07-07,5.0125
2017-07-10,5.0142
2017-07-11,5.0132
2017-07-12,5.014
2017-07-13,5.0051
2017-07-14,4.9917
2017-07-17,4.9724
2017-07-18,4.9783
2017-07-19,4.9752
2017-07-20,4.9708
2017-07-21,4.942
2017-07-24,4.9468
2017-07-25,4.9517
2017-07-26,4.9584
2017-07-27,4.9426
2017-07-28,4.9497
2017-07-31,4.9497
2017-08-01,4.9542
2017-08-02,4.9466
2017-08-03,4.9456
2017-08-04,4.9469
2017-08-07,4.9573
2017-08-08,4.9614
2017-08-09,4.9806
2017-08-10,4.9983
2017-08-11,4.9872
2017-08-14,4.9848
2017-08-15,4.9804
2017-08-16,4.9712
2017-08-17,4.9793
2017-08-18,4.9774
2017-08-21,4.9847
2017-08-22,4.9888
2017-08-23,5.0088
2017-08-24,5.0048
2017-08-25,5.0043
2017-08-28,5.0129
2017-08-29,5.0289
2017-08-30,5.0404
2017-08-31,5.0279
2017-09-01,5.0571
2017-09-04,5.0773
2017-09-05,5.0666
2017-09-06,5.082
2017-09-07,5.0943
2017-09-08,5.1227
2017-09-11,5.0742
2017-09-12,5.0654
2017-09-13,5.0658
2017-09-14,5.0518
2017-09-15,5.0542
2017-09-18,5.0352
2017-09-19,5.0237
2017-09-20,5.0295
2017-09-21,5.0256
2017-09-22,5.0224
2017-09-25,4.999
2017-09-26,5.0057
2017-09-27,5.015
2017-09-28,5.0139
2017-09-29,5.009
2017-10-02,5.026
2017-10-03,5.0311
2017-10-04,5.0246
2017-10-05,5.0136
2017-10-06,5.0291
2017-10-09,5.0411
2017-10-10,5.0557
2017-10-11,5.0338
2017-10-12,5.0257
2017-10-13,5.0256
2017-10-16,5.0167
2017-10-17,5.003
2017-10-18,5.0034
2017-10-19,5.0057
2017-10-20,5.0102
2017-10-23,4.9983
2017-10-24,5.0031
2017-10-25,4.9929
2017-10-26,4.9963
2017-10-27,5.0042
2017-10-30,5.002
2017-10-31,5.008
2017-11-01,5.0158
2017-11-02,5.0081
2017-11-03,5.001
2017-11-06,4.9992
2017-11-07,4.9909
2017-11-08,4.9941
2017-11-09,4.9869
2017-11-10,4.9876
2017-11-13,4.978
2017-11-14,4.9813
2017-11-15,4.9865
2017-11-16,4.9698
2017-11-17,4.9493
2017-11-20,4.9397
2017-11-21,4.9413
2017-11-22,4.9471
2017-11-23,4.9708
2017-11-24,4.9463
2017-11-27,4.941
2017-11-28,4.9367
2017-11-29,4.9273
2017-11-30,4.9304
2017-12-01,4.937
2017-12-04,4.9269
2017-12-05,4.9296
2017-12-06,4.9328
2017-12-07,4.9297
2017-12-08,4.9352
2017-12-11,4.9303
2017-12-12,4.927
2017-12-13,4.9215
2017-12-14,4.919
2017-12-15,4.9185
2017-12-18,4.9323
2017-12-19,4.9515
2017-12-20,4.9781
2017-12-21,4.9734
2017-12-22,4.9817
2017-12-27,5.0051
2017-12-28,4.9908
2017-12-29,5.0127
2018-01-02,4.9931
2018-01-03,5.0033
2018-01-04,4.9596
2018-01-05,4.9613
2018-01-08,4.9559
2018-01-09,4.942
2018-01-10,4.9369
2018-01-11,4.9228
2018-01-12,4.9482
2018-01-15,4.9588
2018-01-16,4.9647
2018-01-17,4.9665
2018-01-18,4.9698
2018-01-19,4.9781
2018-01-22,4.9752
2018-01-23,4.9689
2018-01-24,4.9584
2018-01-25,4.9629
2018-01-26,4.9607
2018-01-29,4.9654
2018-01-30,4.9658
2018-01-31,4.9787
2018-02-01,4.9803
2018-02-02,4.9936
2018-02-05,5.0127
2018-02-06,5.0281
2018-02-07,5.0346
2018-02-08,5.0304
2018-02-09,5.0449
2018-02-12,5.0093
2018-02-13,4.9666
2018-02-14,4.9523
2018-02-15,4.9366
2018-02-16,4.9319
2018-02-19,4.9461
2018-02-20,4.9665
2018-02-21,4.9651
2018-02-22,4.9639
2018-02-23,4.9629
2018-02-26,4.9646
2018-02-27,4.9717
2018-02-28,4.9672
2018-03-01,4.9714
2018-03-02,4.9628
2018-03-05,4.9557
2018-03-06,4.9493
2018-03-07,4.9536
2018-03-08,4.9457
2018-03-09,4.9474
2018-03-12,4.9485
2018-03-13,4.9361
2018-03-14,4.9309
2018-03-15,4.933
2018-03-16,4.9324
2018-03-19,4.9287
2018-03-20,4.9266
2018-03-21,4.9306
2018-03-22,4.9364
2018-03-23,4.9368
2018-03-26,4.9612
2018-03-27,4.9723
2018-03-28,4.969
2018-03-29,4.967
2018-04-03,4.9613
2018-04-04,4.9559
2018-04-05,4.9586
2018-04-06,4.9625
2018-04-09,4.9526
2018-04-10,4.9656
2018-04-11,4.9606
2018-04-12,4.9641
2018-04-13,4.9593
2018-04-16,4.9718
2018-04-17,4.9673
2018-04-18,4.9711
2018-04-19,4.9724
2018-04-20,4.9777
2018-04-23,4.9913
2018-04-24,4.9875
2018-04-25,4.9951
2018-04-26,4.989
2018-04-27,4.9815
2018-04-30,4.9815
2018-05-02,4.9889
2018-05-03,4.9821
2018-05-04,4.9936
2018-05-07,5.0073
2018-05-08,5.0111
2018-05-09,5.0349
2018-05-10,5.0493
2018-05-11,5.032
2018-05-14,5.0242
2018-05-15,5.0325
2018-05-16,5.0407
2018-05-17,5.0362
2018-05-18,5.0473
2018-05-21,5.0467
2018-05-22,5.0269
2018-05-23,5.0324
2018-05-24,5.0191
2018-05-25,4.9979
2018-05-28,5.0024
2018-05-29,4.9973
2018-05-30,4.994
2018-05-31,4.9995
2018-06-01,4.9913
2018-06-04,4.9904
2018-06-05,4.9936
2018-06-06,4.9887
2018-06-07,4.995
2018-06-08,5.0022
2018-06-11,5.0083
2018-06-12,5.0121
2018-06-13,5.0201
2018-06-14,5.0277
2018-06-15,5.0503
2018-06-18,5.075
2018-06-19,5.0663
2018-06-20,5.0681
2018-06-21,5.0676
2018-06-22,5.0693
2018-06-25,5.043
2018-06-26,5.0193
2018-06-27,5.0011
2018-06-28,4.9999
2018-06-29,4.9974
2018-07-02,4.9737
2018-07-03,4.9923
2018-07-04,5.0024
2018-07-05,5.0049
2018-07-06,4.9912
2018-07-09,5.0049
2018-07-10,4.9989
2018-07-11,4.9825
2018-07-12,4.9852
2018-07-13,4.9788
2018-07-16,4.9801
2018-07-17,4.9728
2018-07-18,4.9632
2018-07-19,4.939
2018-07-20,4.9253
2018-07-23,4.9262
2018-07-24,4.9083
2018-07-25,4.9202
2018-07-26,4.9127
2018-07-27,4.8955
2018-07-30,4.8811
2018-07-31,4.8654
2018-08-01,4.8699
2018-08-02,4.8656
2018-08-03,4.8674
2018-08-06,4.8688
2018-08-07,4.8653
2018-08-08,4.8591
2018-08-09,4.8651
2018-08-10,4.8573
2018-08-13,4.8473
2018-08-14,4.8355
2018-08-15,4.8243
2018-08-16,4.8245
2018-08-17,4.829
2018-08-20,4.815
2018-08-21,4.7806
2018-08-22,4.7841
2018-08-23,4.7658
2018-08-24,4.7761
2018-08-27,4.7772
2018-08-28,4.7837
2018-08-29,4.7899
2018-08-30,4.7866
2018-08-31,4.792
2018-09-03,4.7986
2018-09-04,4.7993
2018-09-05,4.8068
2018-09-06,4.7992
2018-09-07,4.7914
2018-09-10,4.7873
2018-09-11,4.7811
2018-09-12,4.7722
2018-09-13,4.7653
2018-09-14,4.7517
2018-09-17,4.7506
2018-09-18,4.7426
2018-09-19,4.7349
2018-09-20,4.7239
2018-09-21,4.7377
2018-09-24,4.7243
2018-09-25,4.7176
2018-09-26,4.7218
2018-09-27,4.7126
2018-09-28,4.7009
2018-10-01,4.6937
2018-10-02,4.7126
2018-10-03,4.7148
2018-10-04,4.7512
2018-10-05,4.7759
2018-10-08,4.7579
2018-10-09,4.7799
2018-10-10,4.7555
2018-10-11,4.7403
2018-10-12,4.7327
2018-10-15,4.7222
2018-10-16,4.711
2018-10-17,4.6994
2018-10-18,4.6987
2018-10-19,4.6998
2018-10-22,4.7207
2018-10-23,4.736
2018-10-24,4.739
2018-10-25,4.7391
2018-10-26,4.7676
2018-10-29,4.7725
2018-10-30,4.7826
2018-10-31,4.7552
2018-11-01,4.7477
2018-11-02,4.7692
2018-11-05,4.757
2018-11-06,4.7642
2018-11-07,4.7415
2018-11-08,4.7474
2018-11-09,4.7498
2018-11-12,4.7545
2018-11-13,4.7449
2018-11-14,4.7417
2018-11-15,4.7519
2018-11-16,4.7407
2018-11-19,4.7415
2018-11-20,4.7485
2018-11-21,4.7513
2018-11-22,4.7572
2018-11-23,4.7615
2018-11-26,4.7602
2018-11-27,4.7481
2018-11-28,4.7485
2018-11-29,4.7434
2018-11-30,4.7338
2018-12-03,4.7586
2018-12-04,4.7794
2018-12-05,4.7773
2018-12-06,4.7651
2018-12-07,4.7747
2018-12-10,4.752
2018-12-11,4.7539
2018-12-12,4.7587
2018-12-13,4.7536
2018-12-14,4.7542
2018-12-17,4.7554
2018-12-18,4.7514
2018-12-19,4.7419
2018-12-20,4.7436
2018-12-21,4.7278
2018-12-24,4.7202
2018-12-27,4.7403
2018-12-28,4.737
2018-12-31,4.705
2019-01-02,4.7089
2019-01-03,4.6807
2019-01-04,4.6739
2019-01-07,4.668
2019-01-08,4.6815
2019-01-09,4.6867
2019-01-10,4.7054
2019-01-11,4.7259
2019-01-14,4.7201
2019-01-15,4.7188
2019-01-16,4.6892
2019-01-17,4.6881
2019-01-18,4.6786
2019-01-21,4.6765
2019-01-22,4.6738
2019-01-23,4.6789
2019-01-24,4.6709
2019-01-25,4.6775
2019-01-28,4.6786
2019-01-29,4.6786
2019-01-30,4.6718
2019-01-31,4.6595
2019-02-01,4.6456
2019-02-04,4.6436
2019-02-05,4.6433
2019-02-06,4.6302
2019-02-07,4.6309
2019-02-08,4.668
2019-02-11,4.6278
2019-02-12,4.6231
2019-02-13,4.6315
2019-02-14,4.6277
2019-02-15,4.6186
2019-02-18,4.6147
2019-02-19,4.6127
2019-02-20,4.6257
2019-02-21,4.6398
2019-02-22,4.6634
2019-02-25,4.6757
2019-02-26,4.6772
2019-02-27,4.6983
2019-02-28,4.7154
2019-03-01,4.731
2019-03-04,4.7565
2019-03-05,4.7426
2019-03-06,4.7474
2019-03-07,4.7366
2019-03-08,4.7282
2019-03-11,4.7155
2019-03-12,4.7191
2019-03-13,4.7125
2019-03-14,4.7242
2019-03-15,4.7214
2019-03-18,4.7192
2019-03-19,4.7198
2019-03-20,4.7402
2019-03-21,4.7403
2019-03-22,4.7178
2019-03-25,4.7101
2019-03-26,4.7126
2019-03-27,4.7332
2019-03-28,4.7294
2019-03-29,4.7259
2019-04-01,4.7284
2019-04-02,4.7246
2019-04-03,4.7329
2019-04-04,4.7316
2019-04-05,4.7488
2019-04-08,4.7567
2019-04-09,4.7305
2019-04-10,4.7307
2019-04-11,4.7373
2019-04-12,4.7347
2019-04-15,4.7367
2019-04-16,4.7413
2019-04-17,4.7525
2019-04-18,4.7441
2019-04-23,4.7573
2019-04-24,4.7632
2019-04-25,4.7635
2019-04-26,4.7491
2019-04-29,4.7456
2019-04-30,4.7394
2019-05-02,4.7553
2019-05-03,4.7553
2019-05-06,4.7155
2019-05-07,4.7127
2019-05-08,4.6902
2019-05-09,4.6583
2019-05-10,4.6281
2019-05-13,4.6058
2019-05-14,4.5775
2019-05-15,4.5917
2019-05-16,4.5929
2019-05-17,4.5956
2019-05-20,4.6055
2019-05-21,4.6241
2019-05-22,4.6281
2019-05-23,4.625
2019-05-24,4.6157
2019-05-27,4.6137
2019-05-28,4.603
2019-05-29,4.6083
2019-05-30,4.6068
2019-05-31,4.5794
2019-06-03,4.5484
2019-06-04,4.5295
2019-06-05,4.5402
2019-06-06,4.5307
2019-06-07,4.5371
2019-06-10,4.5203
2019-06-11,4.5247
2019-06-12,4.5157
2019-06-13,4.5109
2019-06-14,4.5003
2019-06-17,4.5243
2019-06-18,4.5225
2019-06-19,4.5297
2019-06-20,4.5132
2019-06-21,4.4811
2019-06-24,4.4679
2019-06-25,4.4639
2019-06-26,4.4734
2019-06-27,4.4761
2019-06-28,4.4634
2019-07-01,4.4777
2019-07-02,4.4582
2019-07-03,4.4444
2019-07-04,4.461
2019-07-05,4.4597
2019-07-08,4.4723
2019-07-09,4.4781
2019-07-10,4.4785
2019-07-11,4.4593
2019-07-12,4.4928
2019-07-15,4.4933
2019-07-16,4.4907
2019-07-17,4.4995
2019-07-18,4.4883
2019-07-19,4.477
2019-07-22,4.4828
2019-07-23,4.4914
2019-07-24,4.4952
2019-07-25,4.4907
2019-07-26,4.4918
2019-07-29,4.476
2019-07-30,4.4762
2019-07-31,4.4659
2019-08-01,4.4763
2019-08-02,4.4326
2019-08-05,4.3752
2019-08-06,4.3802
2019-08-07,4.3676
2019-08-08,4.3631
2019-08-09,4.3523
2019-08-12,4.3671
2019-08-13,4.3691
2019-08-14,4.3946
2019-08-15,4.3846
2019-08-16,4.3869
2019-08-19,4.3748
2019-08-20,4.3599
2019-08-21,4.3567
2019-08-22,4.3465
2019-08-23,4.3342
2019-08-26,4.2811
2019-08-27,4.2675
2019-08-28,4.2757
2019-08-29,4.285
2019-08-30,4.2776
2019-09-02,4.2717
2019-09-03,4.2729
2019-09-04,4.2803
2019-09-05,4.2758
2019-09-06,4.3113
2019-09-09,4.2997
2019-09-10,4.3086
2019-09-11,4.2975
2019-09-12,4.29
2019-09-13,4.2978
2019-09-16,4.3193
2019-09-17,4.3069
2019-09-18,4.3076
2019-09-19,4.3025
2019-09-20,4.3009
2019-09-23,4.2794
2019-09-24,4.3006
2019-09-25,4.2916
2019-09-26,4.2973
2019-09-27,4.2991
2019-09-30,4.283
2019-10-01,4.2912
2019-10-02,4.2842
2019-10-03,4.2744
2019-10-04,4.2597
2019-10-07,4.26
2019-10-08,4.2566
2019-10-09,4.2562
2019-10-10,4.2686
2019-10-11,4.2901
2019-10-14,4.2993
2019-10-15,4.2895
2019-10-16,4.2843
2019-10-17,4.283
2019-10-18,4.2767
2019-10-21,4.2776
2019-10-22,4.2814
2019-10-23,4.2868
2019-10-24,4.2828
2019-10-25,4.2667
2019-10-28,4.2733
2019-10-29,4.2765
2019-10-30,4.2847
2019-10-31,4.2867
2019-11-01,4.2865
2019-11-04,4.2957
2019-11-05,4.3152
2019-11-06,4.3307
2019-11-07,4.3514
2019-11-08,4.3477
2019-11-11,4.327
2019-11-12,4.3292
2019-11-13,4.306
2019-11-14,4.3023
2019-11-15,4.312
2019-11-18,4.3081
2019-11-19,4.2989
2019-11-20,4.2915
2019-11-21,4.2986
2019-11-22,4.2899
2019-11-25,4.2957
2019-11-26,4.2922
2019-11-27,4.3031
2019-11-28,4.2967
2019-11-29,4.3026
2019-12-02,4.3005
2019-12-03,4.2909
2019-12-04,4.297
2019-12-05,4.3105
2019-12-06,4.3138
2019-12-09,4.3062
2019-12-10,4.3041
2019-12-11,4.2994
2019-12-12,4.2879
2019-12-13,4.3298
2019-12-16,4.3177
2019-12-17,4.3203
2019-12-18,4.3205
2019-12-19,4.3074
2019-12-20,4.3074
2019-12-23,4.3023
2019-12-24,4.3033
2019-12-27,4.3104
2019-12-30,4.2817
2019-12-31,4.2727
2020-01-02,4.3288
2020-01-03,4.3255
2020-01-06,4.3234
2020-01-07,4.3608
2020-01-08,4.3714
2020-01-09,4.3691
2020-01-10,4.3679
2020-01-13,4.3835
2020-01-14,4.3932
2020-01-15,4.3902
2020-01-16,4.4139
2020-01-17,4.4294
2020-01-20,4.4207
2020-01-21,4.4036
2020-01-22,4.4015
2020-01-23,4.4063
2020-01-24,4.4077
2020-01-27,4.4287
2020-01-28,4.4467
2020-01-29,4.4647
2020-01-30,4.4972
2020-01-31,4.4949
2020-02-03,4.4218
2020-02-04,4.4237
2020-02-05,4.441
2020-02-06,4.4599
2020-02-07,4.4756
2020-02-10,4.4824
2020-02-11,4.483
2020-02-12,4.4626
2020-02-13,4.459
2020-02-14,4.468
2020-02-17,4.4653
2020-02-18,4.4595
2020-02-19,4.4608
2020-02-20,4.4762
2020-02-21,4.4985
2020-02-24,4.5118
2020-02-25,4.5223
2020-02-26,4.5414
2020-02-27,4.5176
2020-02-28,4.5175
2020-03-02,4.5138
2020-03-03,4.5201
2020-03-04,4.5272
2020-03-05,4.5496
2020-03-06,4.5395
2020-03-09,4.5328
2020-03-10,4.5191
2020-03-11,4.5157
2020-03-12,4.5116
2020-03-13,4.5425
2020-03-16,4.5867
2020-03-17,4.5996
2020-03-18,4.6081
2020-03-19,4.5643
2020-03-20,4.5906
2020-03-23,4.6394
2020-03-24,4.6419
2020-03-25,4.6186
2020-03-26,4.6136
2020-03-27,4.592
2020-03-30,4.6059
2020-03-31,4.6186
2020-04-01,4.6503
2020-04-02,4.6469
2020-04-03,4.6552
2020-04-06,4.634
2020-04-07,4.6438
2020-04-08,4.636
2020-04-09,4.6494
2020-04-14,4.6351
2020-04-15,4.6275
2020-04-16,4.6187
2020-04-17,4.5987
2020-04-20,4.5931
2020-04-21,4.5871
2020-04-22,4.5704
2020-04-23,4.5654
2020-04-24,4.5818
2020-04-27,4.5844
2020-04-28,4.5832
2020-04-29,4.5814
2020-04-30,4.5935
2020-05-04,4.5807
2020-05-05,4.5871
2020-05-06,4.5633
2020-05-07,4.5755
2020-05-08,4.5566
2020-05-11,4.5371
2020-05-12,4.5304
2020-05-13,4.5192
2020-05-14,4.5235
2020-05-15,4.5149
2020-05-18,4.5004
2020-05-19,4.491
2020-05-20,4.4814
2020-05-21,4.4772
2020-05-22,4.4704
2020-05-25,4.4814
2020-05-26,4.4702
2020-05-27,4.4554
2020-05-28,4.4551
2020-05-29,4.4583
2020-06-01,4.4378
2020-06-02,4.4415
2020-06-03,4.4396
2020-06-04,4.4387
2020-06-05,4.4369
2020-06-08,4.4434
2020-06-09,4.4259
2020-06-10,4.4109
2020-06-11,4.3766
2020-06-12,4.3738
2020-06-15,4.3848
2020-06-16,4.3952
2020-06-17,4.4038
2020-06-18,4.391
2020-06-19,4.3822
2020-06-22,4.3807
2020-06-23,4.3774
2020-06-24,4.3609
2020-06-25,4.3743
2020-06-26,4.3726
2020-06-29,4.3643
2020-06-30,4.3707
2020-07-01,4.3852
2020-07-02,4.395
2020-07-03,4.4027
2020-07-06,4.4225
2020-07-07,4.4474
2020-07-08,4.4531
2020-07-09,4.4656
2020-07-10,4.4731
2020-07-13,4.484
2020-07-14,4.5012
2020-07-15,4.506
2020-07-16,4.5264
2020-07-17,4.5312
2020-07-20,4.5475
2020-07-21,4.5253
2020-07-22,4.5119
2020-07-23,4.5258
2020-07-24,4.5205
2020-07-27,4.4994
2020-07-28,4.5002
2020-07-29,4.4962
2020-07-30,4.4893
2020-07-31,4.4711
2020-08-03,4.4742
2020-08-04,4.4559
2020-08-05,4.4677
2020-08-06,4.474
2020-08-07,4.4768
2020-08-10,4.4669
2020-08-11,4.471
2020-08-12,4.4791
2020-08-13,4.4704
2020-08-14,4.4762
2020-08-17,4.497
2020-08-18,4.4961
2020-08-19,4.5202
2020-08-20,4.5429
2020-08-21,4.5606
2020-08-24,4.5436
2020-08-25,4.553
2020-08-26,4.5467
2020-08-27,4.5338
2020-08-28,4.5372
2020-08-31,4.5401
2020-09-01,4.5572
2020-09-02,4.581
2020-09-03,4.5964
2020-09-04,4.5888
2020-09-07,4.5912
2020-09-08,4.5974
2020-09-09,4.5825
2020-09-10,4.5723
2020-09-11,4.5826
2020-09-14,4.5899
2020-09-15,4.6046
2020-09-16,4.601
2020-09-17,4.6081
2020-09-18,4.6027
2020-09-21,4.6033
2020-09-22,4.631
2020-09-23,4.638
2020-09-24,4.63
2020-09-25,4.6294
2020-09-28,4.6491
2020-09-29,4.6364
2020-09-30,4.6512
2020-10-01,4.649
2020-10-02,4.6438
2020-10-05,4.5984
2020-10-06,4.593
2020-10-07,4.5985
2020-10-08,4.5966
2020-10-09,4.6338
2020-10-12,4.6186
2020-10-13,4.6198
2020-10-14,4.6336
2020-10-15,4.644
2020-10-16,4.6552
2020-10-19,4.6652
2020-10-20,4.684
2020-10-21,4.694
2020-10-22,4.6847
2020-10-23,4.6813
2020-10-26,4.6596
2020-10-27,4.6556
2020-10-28,4.6495
2020-10-29,4.6603
2020-10-30,4.6622
2020-11-02,4.6496
2020-11-03,4.6458
2020-11-04,4.6605
2020-11-05,4.6629
2020-11-06,4.6244
2020-11-09,4.6003
2020-11-10,4.5867
2020-11-11,4.5785
2020-11-12,4.5727
2020-11-13,4.5658
2020-11-16,4.5866
2020-11-17,4.6007
2020-11-18,4.624
2020-11-19,4.6165
2020-11-20,4.6103
2020-11-23,4.611
2020-11-24,4.6154
2020-11-25,4.6145
2020-11-26,4.6077
2020-11-27,4.6094
2020-11-30,4.6013
2020-12-01,4.6052
2020-12-02,4.6084
2020-12-03,4.6074
2020-12-04,4.6174
2020-12-07,4.6235
2020-12-08,4.6028
2020-12-09,4.5964
2020-12-10,4.5951
2020-12-11,4.5973
2020-12-14,4.5965
2020-12-15,4.5892
2020-12-16,4.5981
2020-12-17,4.5689
2020-12-18,4.5612
2020-12-21,4.594
2020-12-22,4.6094
2020-12-23,4.6226
2020-12-24,4.6078
2020-12-28,4.6135
2020-12-29,4.5992
2020-12-30,4.5884
2020-12-31,4.578
2021-01-04,4.6208
2021-01-05,4.6367
2021-01-06,4.6352
2021-01-07,4.6427
2021-01-08,4.6535
2021-01-11,4.6518
2021-01-12,4.6631
2021-01-13,4.6429
2021-01-14,4.6418
2021-01-15,4.6384
2021-01-18,4.6403
2021-01-19,4.6338
2021-01-20,4.6384
2021-01-21,4.6325
2021-01-22,4.6289
2021-01-25,4.6293
2021-01-26,4.6354
2021-01-27,4.6348
2021-01-28,4.6423
2021-01-29,4.6494
2021-02-01,4.6361
2021-02-02,4.6453
2021-02-03,4.6521
2021-02-04,4.6504
2021-02-05,4.652
2021-02-08,4.6507
2021-02-09,4.6523
2021-02-10,4.6355
2021-02-11,4.6236
2021-02-12,4.6307
2021-02-15,4.6282
2021-02-16,4.6329
2021-02-17,4.6437
2021-02-18,4.6405
2021-02-19,4.6459
2021-02-22,4.6462
2021-02-23,4.6433
2021-02-24,4.6562
2021-02-25,4.6716
2021-02-26,4.6946
2021-03-01,4.6731
2021-03-02,4.6764
2021-03-03,4.6941
2021-03-04,4.6902
2021-03-05,4.7003
2021-03-08,4.7175
2021-03-09,4.7235
2021-03-10,4.7256
2021-03-11,4.7118
2021-03-12,4.7311
2021-03-15,4.726
2021-03-16,4.7285
2021-03-17,4.7338
2021-03-18,4.7443
2021-03-19,4.7372
2021-03-22,4.7454
2021-03-23,4.759
2021-03-24,4.7526
2021-03-25,4.7586
2021-03-26,4.7564
2021-03-29,4.7497
2021-03-30,4.7585
2021-03-31,4.7724
2021-04-01,4.7581
2021-04-06,4.788
2021-04-07,4.7949
2021-04-08,4.8035
2021-04-09,4.7974
2021-04-12,4.8139
2021-04-13,4.8237
2021-04-14,4.8011
2021-04-15,4.7839
2021-04-16,4.7878
2021-04-19,4.7992
2021-04-20,4.8134
2021-04-21,4.8283
2021-04-22,4.8311
2021-04-23,4.8327
2021-04-26,4.8476
2021-04-27,4.8384
2021-04-28,4.8362
2021-04-29,4.8229
2021-04-30,4.8184
2021-05-03,4.8181
2021-05-04,4.7961
2021-05-05,4.813
2021-05-06,4.8315
2021-05-07,4.8308
2021-05-10,4.8445
2021-05-11,4.8414
2021-05-12,4.8471
2021-05-13,4.8576
2021-05-14,4.8718
2021-05-17,4.8851
2021-05-18,4.8919
2021-05-19,4.8843
2021-05-20,4.8757
2021-05-21,4.8772
2021-05-24,4.8794
2021-05-25,4.8941
2021-05-26,4.8885
2021-05-27,4.907
2021-05-28,4.9087
2021-05-31,4.8978
2021-06-01,4.8826
2021-06-02,4.8783
2021-06-03,4.8695
2021-06-04,4.8754
2021-06-07,4.876
2021-06-08,4.8752
2021-06-09,4.8794
2021-06-10,4.8758
2021-06-11,4.8589
2021-06-14,4.8666
2021-06-15,4.8665
2021-06-16,4.8679
2021-06-17,4.8756
2021-06-18,4.8838
2021-06-21,4.8875
2021-06-22,4.8988
2021-06-23,4.9082
2021-06-24,4.9248
2021-06-25,4.9279
2021-06-28,4.9507
2021-06-29,4.9686
2021-06-30,4.967
2021-07-01,4.9567
2021-07-02,4.968
2021-07-05,4.9707
2021-07-06,4.9814
2021-07-07,4.9914
2021-07-08,5.0105
2021-07-09,5.0236
2021-07-12,5.0464
2021-07-13,5.0439
2021-07-14,5.0513
2021-07-15,5.0585
2021-07-16,5.0632
2021-07-19,5.0643
2021-07-20,5.0631
2021-07-21,5.078
2021-07-22,5.0824
2021-07-23,5.0828
2021-07-26,5.081
2021-07-27,5.0686
2021-07-28,5.0546
2021-07-29,5.0857
2021-07-30,5.0884
2021-08-02,5.0975
2021-08-03,5.1087
2021-08-04,5.1244
2021-08-05,5.1452
2021-08-06,5.1531
2021-08-09,5.162
2021-08-10,5.1625
2021-08-11,5.14
2021-08-12,5.0978
2021-08-13,5.1436
2021-08-16,5.1639
2021-08-17,5.1424
2021-08-18,5.1358
2021-08-19,5.1375
2021-08-20,5.1343
2021-08-23,5.1442
2021-08-24,5.0755
2021-08-25,5.0591
2021-08-26,5.0501
2021-08-27,5.0405
2021-08-30,5.0128
2021-08-31,4.9865
2021-09-01,4.9991
2021-09-02,5.0254
2021-09-03,5.0447
2021-09-06,5.0275
2021-09-07,5.0398
2021-09-08,5.0683
2021-09-09,5.0636
2021-09-10,5.071
2021-09-13,5.0963
2021-09-14,5.1107
2021-09-15,5.1092
2021-09-16,5.131
2021-09-17,5.1477
2021-09-20,5.1583
2021-09-21,5.1623
2021-09-22,5.171
2021-09-23,5.151
2021-09-24,5.1713
2021-09-27,5.1946
2021-09-28,5.2311
2021-09-29,5.2411
2021-09-30,5.242
2021-10-01,5.2182
2021-10-04,5.2314
2021-10-05,5.2407
2021-10-06,5.257
2021-10-07,5.2392
2021-10-08,5.2501
2021-10-11,5.2509
2021-10-12,5.1664
2021-10-13,5.1661
2021-10-14,5.1583
2021-10-15,5.1791
2021-10-18,5.2035
2021-10-19,5.2214
2021-10-20,5.2184
2021-10-21,5.219
2021-10-22,5.2145
2021-10-25,5.1824
2021-10-26,5.1881
2021-10-27,5.2047
2021-10-28,5.1972
2021-10-29,5.1982
2021-11-01,5.2125
2021-11-02,5.1951
2021-11-03,5.2137
2021-11-04,5.2096
2021-11-05,5.1984
2021-11-08,5.1603
2021-11-09,5.1267
2021-11-10,5.1308
2021-11-11,5.1373
2021-11-12,5.1374
2021-11-15,5.1247
2021-11-16,5.1156
2021-11-17,5.1225
2021-11-18,5.1133
2021-11-19,5.1327
2021-11-22,5.1568
2021-11-23,5.1812
2021-11-24,5.2219
2021-11-25,5.2313
2021-11-26,5.2677
2021-11-29,5.2746
2021-11-30,5.2879
2021-12-01,5.294
2021-12-02,5.3132
2021-12-03,5.3179
2021-12-06,5.3138
2021-12-07,5.2894
2021-12-08,5.2741
2021-12-09,5.2639
2021-12-10,5.2838
2021-12-13,5.2401
2021-12-14,5.2415
2021-12-15,5.2468
2021-12-16,5.2532
2021-12-17,5.22
2021-12-20,5.271
2021-12-21,5.283
2021-12-22,5.2959
2021-12-23,5.2645
2021-12-24,5.2499
2021-12-27,5.2663
2021-12-28,5.2589
2021-12-29,5.2627
2021-12-30,5.2426
2021-12-31,5.2334
2022-01-03,5.2186
2022-01-04,5.2252
2022-01-05,5.2169
2022-01-06,5.2588
2022-01-07,5.2837
2022-01-10,5.2787
2022-01-11,5.2401
2022-01-12,5.2413
2022-01-13,5.2227
2022-01-14,5.2295
2022-01-17,5.2155
2022-01-18,5.2117
2022-01-19,5.2035
2022-01-20,5.1878
2022-01-21,5.1925
2022-01-24,5.2258
2022-01-25,5.2268
2022-01-26,5.2136
2022-01-27,5.2242
2022-01-28,5.2541
2022-01-31,5.2343
2022-02-01,5.2186
2022-02-02,5.2169
2022-02-03,5.2126
2022-02-04,5.1831
2022-02-07,5.1829
2022-02-08,5.1773
2022-02-09,5.1408
2022-02-10,5.1334
2022-02-11,5.1378
2022-02-14,5.1156
2022-02-15,5.1028
2022-02-16,5.0999
2022-02-17,5.0704
2022-02-18,5.0717
2022-02-21,5.0936
2022-02-22,5.1202
2022-02-23,5.107
2022-02-24,5.1719
2022-02-25,5.145
2022-02-28,5.178
2022-03-01,5.1808
2022-03-02,5.18
2022-03-03,5.1522
2022-03-04,5.18
2022-03-07,5.2096
2022-03-08,5.2549
2022-03-09,5.2302
2022-03-10,5.2396
2022-03-11,5.2478
2022-03-14,5.2468
2022-03-15,5.2544
2022-03-16,5.2539
2022-03-17,5.2393
2022-03-18,5.247
2022-03-21,5.2797
2022-03-22,5.2584
2022-03-23,5.2805
2022-03-24,5.2675
2022-03-25,5.2718
2022-03-28,5.3
2022-03-29,5.2856
2022-03-30,5.2563
2022-03-31,5.2428
2022-04-01,5.2539
2022-04-04,5.2686
2022-04-05,5.2587
2022-04-06,5.2809
2022-04-07,5.2616
2022-04-08,5.2793
2022-04-11,5.2753
2022-04-12,5.2791
2022-04-13,5.2662
2022-04-14,5.282
2022-04-19,5.2843
2022-04-20,5.2654
2022-04-21,5.253
2022-04-22,5.2215
2022-04-25,5.1908
2022-04-26,5.2402
2022-04-27,5.2367
2022-04-28,5.2106
2022-04-29,5.188
2022-05-02,5.2062
2022-05-03,5.2161
2022-05-04,5.1925
2022-05-05,5.1507
2022-05-06,5.1489
2022-05-09,5.1487
2022-05-10,5.1359
2022-05-11,5.1475
2022-05-12,5.1138
2022-05-13,5.1209
2022-05-16,5.1245
2022-05-17,5.1286
2022-05-18,5.1286
2022-05-19,5.1167
2022-05-20,5.1366
2022-05-23,5.139
2022-05-24,5.1238
2022-05-25,5.1238
2022-05-26,5.0801
2022-05-27,5.0938
2022-05-30,5.1161
2022-05-31,5.1471
2022-06-01,5.1408
2022-06-02,5.1512
2022-06-03,5.1462
2022-06-06,5.1632
2022-06-07,5.168
2022-06-08,5.1649
2022-06-09,5.1698
2022-06-10,5.1891
2022-06-13,5.1715
2022-06-14,5.1928
2022-06-15,5.2175
2022-06-16,5.2354
2022-06-17,5.2589
2022-06-20,5.282
2022-06-21,5.2765
2022-06-22,5.2803
2022-06-23,5.2952
2022-06-24,5.3009
2022-06-27,5.2817
2022-06-28,5.2496
2022-06-29,5.2464
2022-06-30,5.2789
2022-07-01,5.3222
2022-07-04,5.33
2022-07-05,5.3425
2022-07-06,5.3859
2022-07-07,5.3847
2022-07-08,5.3751
2022-07-11,5.3966
2022-07-12,5.39
2022-07-13,5.3715
2022-07-14,5.4175
2022-07-15,5.426
2022-07-18,5.439
2022-07-19,5.4286
2022-07-20,5.4295
2022-07-21,5.4548
2022-07-22,5.4308
2022-07-25,5.431
2022-07-26,5.4316
2022-07-27,5.4571
2022-07-28,5.4295
2022-07-29,5.3821
2022-08-01,5.3508
2022-08-02,5.3408
2022-08-03,5.3702
2022-08-04,5.323
2022-08-05,5.2663
2022-08-08,5.2777
2022-08-09,5.2476
2022-08-10,5.2613
2022-08-11,5.2166
2022-08-12,5.2476
2022-08-15,5.2452
2022-08-16,5.2249
2022-08-17,5.2312
2022-08-18,5.2496
2022-08-19,5.2513
2022-08-22,5.2732
2022-08-23,5.2767
2022-08-24,5.2633
2022-08-25,5.2303
2022-08-26,5.2475
2022-08-29,5.2719
2022-08-30,5.2712
2022-08-31,5.2867
2022-09-01,5.319
2022-09-02,5.3054
2022-09-05,5.2732
2022-09-06,5.2455
2022-09-07,5.2665
2022-09-08,5.2352
2022-09-09,5.2497
2022-09-12,5.2415
2022-09-13,5.2307
2022-09-14,5.2636
2022-09-15,5.2706
2022-09-16,5.2732
2022-09-19,5.2783
2022-09-20,5.2789
2022-09-21,5.2686
2022-09-22,5.2723
2022-09-23,5.2758
2022-09-26,5.2835
2022-09-27,5.2873
2022-09-28,5.3017
2022-09-29,5.3372
2022-09-30,5.3084
2022-10-03,5.3512
2022-10-04,5.2796
2022-10-05,5.2586
2022-10-06,5.2487
2022-10-07,5.2502
2022-10-10,5.3083
2022-10-11,5.3151
2022-10-12,5.3018
2022-10-13,5.2674
2022-10-14,5.3049
2022-10-17,5.3
2022-10-18,5.2852
2022-10-19,5.3018
2022-10-20,5.2725
2022-10-21,5.2974
2022-10-24,5.2555
2022-10-25,5.2389
2022-10-26,5.2624
2022-10-27,5.2342
2022-10-28,5.2279
2022-10-31,5.2153
2022-11-01,5.1895
2022-11-02,5.1713
2022-11-03,5.1972
2022-11-04,5.2058
2022-11-07,5.1648
2022-11-08,5.1341
2022-11-09,5.0814
2022-11-10,5.0842
2022-11-11,5.062
2022-11-14,5.072
2022-11-15,5.0395
2022-11-16,5.033
2022-11-17,5.0262
2022-11-18,5.0236
2022-11-21,5.056
2022-11-22,5.0597
2022-11-23,5.0584
2022-11-24,5.005
2022-11-25,4.992
2022-11-28,4.9498
2022-11-29,4.941
2022-11-30,4.9822
2022-12-01,4.9383
2022-12-02,4.9498
2022-12-05,4.9926
2022-12-06,5.0109
2022-12-07,5.0226
2022-12-08,4.986
2022-12-09,4.9889
2022-12-12,4.9828
2022-12-13,4.9849
2022-12-14,4.9793
2022-12-15,5.0157
2022-12-16,5.0171
2022-12-19,4.9963
2022-12-20,4.9869
2022-12-21,4.9727
2022-12-22,4.9642
2022-12-23,4.9654
2022-12-27,4.97
2022-12-28,4.9786
2022-12-29,4.9732
2022-12-30,5.006
2023-01-02,5.009
2023-01-03,4.9756
2023-01-04,4.939
2023-01-05,4.9336
2023-01-06,4.9604
2023-01-09,4.9333
2023-01-10,4.953
2023-01-11,4.9302
2023-01-12,4.9311
2023-01-13,4.9156
2023-01-16,4.9039
2023-01-17,4.8819
2023-01-18,4.8684
2023-01-19,4.8762
2023-01-20,4.8287
2023-01-23,4.8325
2023-01-24,4.8354
2023-01-25,4.8413
2023-01-26,4.8296
2023-01-27,4.8449
2023-01-30,4.8478
2023-01-31,4.8891
2023-02-01,4.8795
2023-02-02,4.877
2023-02-03,4.9009
2023-02-06,4.9538
2023-02-07,4.9566
2023-02-08,4.9386
2023-02-09,4.9338
2023-02-10,4.9504
2023-02-13,4.9605
2023-02-14,4.9632
2023-02-15,5.0214
2023-02-16,5.0085
2023-02-17,5.0274
2023-02-20,5.0154
2023-02-21,5.0288
2023-02-22,5.0125
2023-02-23,5.032
2023-02-24,5.0302
2023-02-27,5.0485
2023-02-28,5.0887
2023-03-01,5.053
2023-03-02,5.041
2023-03-03,5.0161
2023-03-06,4.981
2023-03-07,4.9905
2023-03-08,5.047
2023-03-09,5.042
2023-03-10,5.0432
2023-03-13,5.04
2023-03-14,5.0178
2023-03-15,5.0164
2023-03-16,4.9882
2023-03-17,4.9573
2023-03-20,4.9517
2023-03-21,4.9865
2023-03-22,4.9974
2023-03-23,4.995
2023-03-24,4.9777
2023-03-27,5.0006
2023-03-28,4.9832
2023-03-29,4.9661
2023-03-30,4.9737
2023-03-31,4.9638
2023-04-03,4.9853
2023-04-04,4.9729
2023-04-05,4.9202
2023-04-06,4.9552
2023-04-11,4.9762
2023-04-12,4.9733
2023-04-13,4.9563
2023-04-14,4.9709
2023-04-17,5.0048
2023-04-18,4.9874
2023-04-19,5.0007
2023-04-20,4.9947
2023-04-21,4.9896
2023-04-24,4.992
2023-04-25,4.9744
2023-04-26,4.9371
2023-04-27,4.9264
2023-04-28,4.9312
2023-05-02,4.9449
2023-05-03,4.916
2023-05-04,4.8904
2023-05-05,4.8839
2023-05-08,4.8963
2023-05-09,4.8674
2023-05-10,4.8614
2023-05-11,4.8533
2023-05-12,4.8892
2023-05-15,4.8627
2023-05-16,4.8768
2023-05-17,4.8977
2023-05-18,4.8848
2023-05-19,4.9058
2023-05-22,4.9012
2023-05-23,4.9231
2023-05-24,4.8906
2023-05-25,4.8957
2023-05-26,4.9112
2023-05-29,4.911
2023-05-30,4.9033
2023-05-31,4.8908
2023-06-01,4.891
2023-06-02,4.8973
2023-06-05,4.9022
2023-06-06,4.887
2023-06-07,4.8837
2023-06-08,4.8873
2023-06-09,4.8513
2023-06-12,4.8429
2023-06-13,4.831
2023-06-14,4.8496
2023-06-15,4.8642
2023-06-16,4.8595
2023-06-19,4.8588
2023-06-20,4.8407
2023-06-21,4.8467
2023-06-22,4.8861
2023-06-23,4.9043
2023-06-26,4.8624
2023-06-27,4.8878
2023-06-28,4.9141
2023-06-29,4.9189
2023-06-30,4.8722
2023-07-03,4.8531
2023-07-04,4.8361
2023-07-05,4.8198
2023-07-06,4.8424
2023-07-07,4.8694
2023-07-10,4.8526
2023-07-11,4.8278
2023-07-12,4.8482
2023-07-13,4.8275
2023-07-14,4.8534
2023-07-17,4.8294
2023-07-18,4.7602
2023-07-19,4.7312
2023-07-20,4.7389
2023-07-21,4.7871
2023-07-24,4.7849
2023-07-25,4.8299
2023-07-26,4.7921
2023-07-27,4.7698
2023-07-28,4.8036
2023-07-31,4.7878
2023-08-01,4.7797
2023-08-02,4.7763
2023-08-03,4.8282
2023-08-04,4.8412
2023-08-07,4.8427
2023-08-08,4.8573
2023-08-09,4.854
2023-08-10,4.8572
2023-08-11,4.8436
2023-08-14,4.8483
2023-08-15,4.8574
2023-08-16,4.8457
2023-08-17,4.855
2023-08-18,4.8506
2023-08-21,4.822
2023-08-22,4.8025
2023-08-23,4.8145
2023-08-24,4.8093
2023-08-25,4.8104
2023-08-28,4.8368
2023-08-29,4.8258
2023-08-30,4.8074
2023-08-31,4.7989
2023-09-01,4.8191
2023-09-04,4.8429
2023-09-05,4.8583
2023-09-06,4.8634
2023-09-07,4.8578
2023-09-08,4.8421
2023-09-11,4.8637
2023-09-12,4.8939
2023-09-13,4.9136
2023-09-14,4.9155
2023-09-15,4.9181
2023-09-18,4.8938
2023-09-19,4.9279
2023-09-20,4.9438
2023-09-21,4.9537
2023-09-22,4.9234
2023-09-25,4.9398
2023-09-26,4.973
2023-09-27,5.0033
2023-09-28,5.0213
2023-09-29,5.0004
2023-10-02,5.0592
2023-10-03,5.0757
2023-10-04,5.0675
2023-10-05,5.0592
2023-10-06,5.0638
2023-10-09,5.0897
2023-10-10,5.0308
2023-10-11,4.9868
2023-10-12,4.9524
2023-10-13,4.9745
2023-10-16,4.96
2023-10-17,4.979
2023-10-18,4.9586
2023-10-19,4.9856
2023-10-20,4.9914
2023-10-23,4.9863
2023-10-24,4.9521
2023-10-25,4.9463
2023-10-26,4.9584
2023-10-27,4.9478
2023-10-30,4.9065
2023-10-31,4.9257
2023-11-01,4.9461
2023-11-02,4.9035
2023-11-03,4.8669
2023-11-06,4.8915
2023-11-07,4.8893
2023-11-08,4.88
2023-11-09,4.8904
2023-11-10,4.9304
2023-11-13,4.937
2023-11-14,4.9462
2023-11-15,4.8995
2023-11-16,4.8938
2023-11-17,4.8547
2023-11-20,4.9113
2023-11-21,4.9304
2023-11-22,4.9194
2023-11-23,4.9381
2023-11-24,4.9548
2023-11-27,4.9009
2023-11-28,4.8816
2023-11-29,4.8825
2023-11-30,4.9346
2023-12-01,4.9192
2023-12-04,4.9027
2023-12-05,4.9351
2023-12-06,4.912
2023-12-07,4.9216
2023-12-08,4.9362
2023-12-11,4.974
2023-12-12,4.9767
2023-12-13,4.987
2023-12-14,4.8989
2023-12-15,4.8989
2023-12-18,4.9065
2023-12-19,4.8977
2023-12-20,4.8965
2023-12-21,4.8805
2023-12-22,4.8428
2023-12-27,4.8172
2023-12-28,4.8136
2023-12-29,4.8368
2024-01-02,4.7995
2024-01-03,4.819
2024-01-04,4.8194
2024-01-05,4.8629
2024-01-08,4.8902
2024-01-09,4.8803
2024-01-10,4.8853
2024-01-11,4.8887
2024-01-12,4.8955
2024-01-15,4.8736
2024-01-16,4.9238
2024-01-17,4.9352
2024-01-18,4.9482
2024-01-19,4.931
2024-01-22,4.9531
2024-01-23,4.9808
2024-01-24,4.9753
2024-01-25,4.9846
2024-01-26,4.9592
2024-01-29,4.9532
2024-01-30,4.9295
2024-01-31,4.9443
2024-02-01,4.9442
2024-02-02,4.9085
2024-02-05,4.9763
2024-02-06,4.9549
2024-02-07,4.9509
2024-02-08,4.9885
2024-02-09,4.9968
2024-02-12,4.9835
2024-02-13,4.9613
2024-02-14,5.0295
2024-02-15,5.0239
2024-02-16,5.0127
2024-02-19,5.0053
2024-02-20,5.0106
2024-02-21,4.9838
2024-02-22,4.9932
2024-02-23,5.0035
2024-02-26,4.9827
2024-02-27,4.9823
2024-02-28,4.9993
2024-02-29,4.9955
2024-03-01,4.9956
2024-03-04,4.9782
2024-03-05,4.9755
2024-03-06,4.9591
2024-03-07,4.9436
2024-03-08,4.9337
2024-03-11,4.9304
2024-03-12,4.9766
2024-03-13,4.9615
2024-03-14,4.9644
2024-03-15,4.9825
2024-03-18,4.9964
2024-03-19,5.0102
2024-03-20,5.0275
2024-03-21,5.0173
2024-03-22,5.0224
2024-03-25,5.038
2024-03-26,5.0301
2024-03-27,5.0371
2024-03-28,5.0435
2024-04-02,5.065
2024-04-03,5.0734
2024-04-04,5.0803
2024-04-05,5.0679
2024-04-08,5.0802
2024-04-09,5.0289
2024-04-10,5.0334
2024-04-11,5.0511
2024-04-12,5.0397
2024-04-15,5.0722
2024-04-16,5.0598
2024-04-17,5.0879
2024-04-18,5.0781
2024-04-19,5.0931
2024-04-22,5.115
2024-04-23,5.1111
2024-04-24,5.1145
2024-04-25,5.1094
2024-04-26,5.0984
2024-04-29,5.1137
2024-04-30,5.1195
2024-05-02,5.1001
2024-05-03,5.0793
2024-05-06,5.1013
2024-05-07,5.1067
2024-05-08,5.1148
2024-05-09,5.1083
2024-05-10,5.0824
2024-05-13,5.082
2024-05-14,5.0688
2024-05-15,5.0606
2024-05-16,5.0097
2024-05-17,5.0221
2024-05-20,4.9916
2024-05-21,5.0153
2024-05-22,5.0307
2024-05-23,5.0411
2024-05-24,5.063
2024-05-27,5.0547
2024-05-28,5.051
2024-05-29,5.0756
2024-05-30,5.0785
2024-05-31,5.081
2024-06-03,5.0835
2024-06-04,5.0532
2024-06-05,5.0645
2024-06-06,5.0408
2024-06-07,5.0378
2024-06-10,5.0725
2024-06-11,5.066
2024-06-12,5.0553
2024-06-13,5.0623
2024-06-14,5.0598
2024-06-17,5.0709
2024-06-18,5.0737
2024-06-19,5.0531
2024-06-20,5.063
2024-06-21,5.045
2024-06-24,5.0515
2024-06-25,5.0471
2024-06-26,5.0718
2024-06-27,5.0669
2024-06-28,5.0572
2024-07-01,5.0494
2024-07-02,5.0665
2024-07-03,5.054
2024-07-04,5.0385
2024-07-05,5.0339
2024-07-08,5.0099
2024-07-09,5.0076
2024-07-10,4.9951
2024-07-11,4.9944
2024-07-12,4.9842
2024-07-15,4.9835
2024-07-16,4.9643
2024-07-17,4.9502
2024-07-18,4.9541
2024-07-19,4.9913
2024-07-22,4.993
2024-07-23,4.9775
2024-07-24,4.9658
2024-07-25,5.0126
2024-07-26,4.9666
2024-07-29,4.9561
2024-07-30,4.9639
2024-07-31,4.9401
2024-08-01,4.9114
2024-08-02,4.905
2024-08-05,4.9627
2024-08-06,4.9695
2024-08-07,4.9558
2024-08-08,4.921
2024-08-09,4.9119
2024-08-12,4.9117
2024-08-13,4.9021
2024-08-14,4.8875
2024-08-15,4.8826
2024-08-16,4.8767
2024-08-19,4.8261
2024-08-20,4.7839
2024-08-21,4.8035
2024-08-22,4.8222
2024-08-23,4.7965
2024-08-26,4.7698
2024-08-27,4.7807
2024-08-28,4.7756
2024-08-29,4.7867
2024-08-30,4.7771
2024-09-02,4.8088
2024-09-03,4.8125
2024-09-04,4.8043
2024-09-05,4.7376
2024-09-06,4.7334
2024-09-09,4.7684
2024-09-10,4.7415
2024-09-11,4.7365
2024-09-12,4.7355
2024-09-13,4.7038
2024-09-16,4.6842
2024-09-17,4.694
2024-09-18,4.6975
2024-09-19,4.6894
2024-09-20,4.6825
2024-09-23,4.673
2024-09-24,4.671
2024-09-25,4.6509
2024-09-26,4.6303
2024-09-27,4.6191
2024-09-30,4.599
2024-10-01,4.6428
2024-10-02,4.6712
2024-10-03,4.7197
2024-10-04,4.7133
2024-10-07,4.7575
2024-10-08,4.7417
2024-10-09,4.7331
2024-10-10,4.7458
2024-10-11,4.7158
2024-10-14,4.6944
2024-10-15,4.6852
2024-10-16,4.6577
2024-10-17,4.6587
2024-10-18,4.6709
2024-10-21,4.7034
2024-10-22,4.7019
2024-10-23,4.7363
2024-10-24,4.7274
2024-10-25,4.7379
2024-10-28,4.7391
2024-10-29,4.7337
2024-10-30,4.7398
2024-10-31,4.7464
2024-11-01,4.7638
2024-11-04,4.7485
2024-11-05,4.7351
2024-11-06,4.7806
2024-11-07,4.7691
2024-11-08,4.7512
2024-11-11,4.7841
2024-11-12,4.8113
2024-11-13,4.8105
2024-11-14,4.8366
2024-11-15,4.8189
2024-11-18,4.8086
2024-11-19,4.7691
2024-11-20,4.7801
2024-11-21,4.7854
2024-11-22,4.7666
2024-11-25,4.7714
2024-11-26,4.7743
2024-11-27,4.7581
2024-11-28,4.7499
2024-11-29,4.7352
2024-12-02,4.7378
2024-12-03,4.7242
2024-12-04,4.7244
2024-12-05,4.6976
2024-12-06,4.6804
2024-12-09,4.6445
2024-12-10,4.6559
2024-12-11,4.6651
2024-12-12,4.656
2024-12-13,4.6926
2024-12-16,4.6796
2024-12-17,4.6984
2024-12-18,4.6994
2024-12-19,4.7386
2024-12-20,4.7154
2024-12-23,4.697
2024-12-24,4.6793
2024-12-27,4.66
2024-12-30,4.6751
2024-12-31,4.7045
2025-01-02,4.6929
2025-01-03,4.7067
2025-01-06,4.6974
2025-01-07,4.7057
2025-01-08,4.7315
2025-01-09,4.7176
2025-01-10,4.7147
2025-01-13,4.743
2025-01-14,4.7414
2025-01-15,4.7357
2025-01-16,4.726
2025-01-17,4.7025
2025-01-20,4.6847
2025-01-21,4.6765
2025-01-22,4.6558
2025-01-23,4.6684
2025-01-24,4.6475
2025-01-27,4.6395
2025-01-28,4.6752
2025-01-29,4.657
2025-01-30,4.6467
2025-01-31,4.6329
2025-02-03,4.6889
2025-02-04,4.6618
2025-02-05,4.6159
2025-02-06,4.6421
2025-02-07,4.6175
2025-02-10,4.6413
2025-02-11,4.6686
2025-02-12,4.6662
2025-02-13,4.6463
2025-02-14,4.628
2025-02-17,4.642
2025-02-18,4.6311
2025-02-19,4.6249
2025-02-20,4.63
2025-02-21,4.6334
2025-02-24,4.6213
2025-02-25,4.6419
2025-02-26,4.6487
2025-02-27,4.6661
2025-02-28,4.6933
2025-03-03,4.6788
2025-03-04,4.6443
2025-03-05,4.6362
2025-03-06,4.6518
2025-03-07,4.6484
2025-03-10,4.656
2025-03-11,4.6694
2025-03-12,4.6742
2025-03-13,4.6711
2025-03-14,4.6507
2025-03-17,4.6483
2025-03-18,4.6442
2025-03-19,4.6507
2025-03-20,4.6662
2025-03-21,4.6708
2025-03-24,4.6701
2025-03-25,4.6629
2025-03-26,4.6761
2025-03-27,4.6616
2025-03-28,4.6738
2025-03-31,4.6794
2025-04-01,4.6979
2025-04-02,4.7027
2025-04-03,4.7017
2025-04-04,4.6937
2025-04-07,4.7217
2025-04-08,4.727
2025-04-09,4.6947
2025-04-10,4.6534
2025-04-11,4.597
2025-04-14,4.5887
2025-04-15,4.5906
2025-04-16,4.5462
2025-04-17,4.5597
2025-04-22,4.5443
2025-04-23,4.5777
2025-04-24,4.5874
2025-04-25,4.6019
2025-04-28,4.6027
2025-04-29,4.5978
2025-04-30,4.5996
2025-05-02,4.5432
2025-05-05,4.526
2025-05-06,4.5218
2025-05-07,4.5258
2025-05-08,4.5339
2025-05-09,4.5578
2025-05-12,4.6486
2025-05-13,4.6165
2025-05-14,4.6185
2025-05-15,4.6197
2025-05-16,4.634
2025-05-19,4.5832
2025-05-20,4.5793
2025-05-21,4.5521
2025-05-22,4.554
2025-05-23,4.5296
2025-05-26,4.5346
2025-05-27,4.5558
2025-05-28,4.5413
2025-05-29,4.5497
2025-05-30,4.5654
2025-06-02,4.5203
2025-06-03,4.5354
2025-06-04,4.551
2025-06-05,4.5291
2025-06-06,4.5404
2025-06-09,4.5539
2025-06-10,4.5429
2025-06-11,4.5477
2025-06-12,4.515
2025-06-13,4.5174
2025-06-16,4.5243
2025-06-17,4.5267
2025-06-18,4.5386
2025-06-19,4.5616
2025-06-20,4.5688
2025-06-23,4.5865
2025-06-24,4.555
2025-06-25,4.5487
2025-06-26,4.5336
2025-06-27,4.549
2025-06-30,4.5403
2025-07-01,4.5211
2025-07-02,4.5248
2025-07-03,4.5228
2025-07-04,4.5149
2025-07-07,4.5426
2025-07-08,4.5351
2025-07-09,4.5578
2025-07-10,4.5458
2025-07-11,4.5286
2025-07-14,4.5241
2025-07-15,4.5274
2025-07-16,4.5317
2025-07-17,4.5309
2025-07-18,4.5069
2025-07-21,4.503
2025-07-22,4.4927
2025-07-23,4.4908
2025-07-24,4.5087
2025-07-25,4.5155
2025-07-28,4.5156
2025-07-29,4.5245
2025-07-30,4.5247
2025-07-31,4.5416
2025-08-01,4.555
2025-08-04,4.5163
2025-08-05,4.5127
2025-08-06,4.5062
2025-08-07,4.504
2025-08-08,4.506
2025-08-11,4.5131
2025-08-12,4.517
2025-08-13,4.5007
2025-08-14,4.5164
2025-08-15,4.5173
2025-08-18,4.5237
2025-08-19,4.5277
2025-08-20,4.5359
2025-08-21,4.5464
2025-08-22,4.5467
2025-08-25,4.5322
2025-08-26,4.5338
2025-08-27,4.5344
2025-08-28,4.5341
2025-08-29,4.5409
2025-09-01,4.5279
2025-09-02,4.5316
2025-09-03,4.5237
2025-09-04,4.5241
2025-09-05,4.5078
2025-09-08,4.4566
2025-09-09,4.4499
2025-09-10,4.4617
2025-09-11,4.4669
2025-09-12,4.4571
2025-09-15,4.4735
2025-09-16,4.4573
2025-09-17,4.4686
2025-09-18,4.4789
2025-09-19,4.4809
2025-09-22,4.4677
2025-09-23,4.4798
2025-09-24,4.4935
2025-09-25,4.5178
2025-09-26,4.5206
2025-09-29,4.5266
2025-09-30,4.5565
2025-10-01,4.5487
2025-10-02,4.5382
2025-10-03,4.5501
2025-10-06,4.5544
2025-10-07,4.5666
2025-10-08,4.5693
2025-10-09,4.5729
2025-10-10,4.5916
2025-10-13,4.5631
2025-10-14,4.5952
2025-10-15,4.5696
2025-10-16,4.5665
2025-10-17,4.6003
2025-10-20,4.5898
2025-10-21,4.6076
2025-10-22,4.6148
2025-10-23,4.6044
2025-10-24,4.5988
2025-10-27,4.5973
2025-10-28,4.5717
2025-10-29,4.5489
2025-10-30,4.5641
2025-10-31,4.5424
2025-11-03,4.5607
2025-11-04,4.5661
2025-11-05,4.5628
2025-11-06,4.5438
2025-11-07,4.5416
2025-11-10,4.5419
2025-11-11,4.5557
2025-11-12,4.5605
2025-11-13,4.5532
2025-11-14,4.566
2025-11-17,4.5683
2025-11-18,4.5588
2025-11-19,4.5616
2025-11-20,4.558
2025-11-21,4.5641
2025-11-24,4.5709
2025-11-25,4.5564
2025-11-26,4.5504
2025-11-27,4.5494
2025-11-28,4.5502
2025-12-01,4.5152
2025-12-02,4.5276
2025-12-03,4.5145
2025-12-04,4.5328
2025-12-05,4.5055
2025-12-08,4.5062
2025-12-09,4.5093
2025-12-10,4.509
2025-12-11,4.4977
2025-12-12,4.4708
2025-12-15,4.4665
2025-12-16,4.4702
2025-12-17,4.4741
2025-12-18,4.4672
2025-12-19,4.4681
2025-12-22,4.4266
2025-12-23,4.4265
2025-12-24,4.4259
2025-12-29,4.4873
2025-12-30,4.4924
2025-12-31,4.5243
2026-01-02,4.4883
2026-01-05,4.4915
2026-01-06,4.4772
2026-01-07,4.4814
2026-01-08,4.5174
2026-01-09,4.5064
2026-01-12,4.4779
2026-01-13,4.5121
2026-01-14,4.5136
2026-01-15,4.5061
2026-01-16,4.5123
2026-01-19,4.4885
2026-01-20,4.4669
2026-01-21,4.4612
2026-01-22,4.4913
2026-01-23,4.4748
2026-01-26,4.4792
2026-01-27,4.4624
2026-01-28,4.4786
2026-01-29,4.4917
2026-01-30,4.5217
2026-02-02,4.5532
2026-02-03,4.5495
2026-02-04,4.5569
2026-02-05,4.579
2026-02-06,4.554
2026-02-09,4.5035
2026-02-10,4.5171
2026-02-11,4.4977
2026-02-12,4.492
2026-02-13,4.498
2026-02-16,4.5009
2026-02-17,4.5312
2026-02-18,4.5234
2026-02-19,4.5226
2026-02-20,4.5168
2026-02-23,4.4907
2026-02-24,4.5126
2026-02-25,4.5265
2026-02-26,4.54
2026-02-27,4.5326
2026-03-02,4.5782
2026-03-03,4.5979
2026-03-04,4.5641
2026-03-05,4.5883
2026-03-06,4.6309
2026-03-09,4.6362
2026-03-10,4.5986
2026-03-11,4.6262
2026-03-12,4.6491
2026-03-13,4.669
2026-03-16,4.6925
2026-03-17,4.693
2026-03-18,4.7422
2026-03-19,4.7686
2026-03-20,4.7517
2026-03-23,4.6803
2026-03-24,4.7379
2026-03-25,4.7235
2026-03-26,4.761
2026-03-27,4.7659
2026-03-30,4.7538
2026-03-31,4.7475
2026-04-01,4.7295
2026-04-02,4.7502
2026-04-07,4.7554
2026-04-08,4.6672
2026-04-09,4.6959
2026-04-10,4.7009
2026-04-13,4.7262
2026-04-14,4.7016
2026-04-15,4.7052
2026-04-16,4.6891
2026-04-17,4.7015
2026-04-20,4.7046
2026-04-21,4.7001
2026-04-22,4.7191
2026-04-23,4.7338
2026-04-24,4.7358
2026-04-27,4.7335
2026-04-28,4.7603
2026-04-29,4.7787
2026-04-30,4.7659
2026-05-04,4.7765
2026-05-05,4.7787
2026-05-06,4.7253
2026-05-07,4.7259
2026-05-08,4.7378
2026-05-11,4.7693
2026-05-12,4.7732
2026-05-13,4.7614
2026-05-14,4.7626
2026-05-15,4.797
2026-05-18,4.7933
2026-05-19,4.7986
2026-05-20,4.8032
2026-05-21,4.805
2026-05-22,4.807
2026-05-25,4.7874
2026-05-26,4.8135
2026-05-27,4.8098
2026-05-28,4.8231
2026-05-29,4.8058
2026-06-01,4.8123
2026-06-02,4.8184
2026-06-03,4.8343
2026-06-04,4.8129
2026-06-05,4.8236
2026-06-08,4.8313
2026-06-09,4.8482
2026-06-10,4.8601
2026-06-11,4.8617
2026-06-12,4.8422
2026-06-15,4.8172
2026-06-16,4.8125
2026-06-17,4.8251
2026-06-18,4.8424
2026-06-19,4.8543
2026-06-22,4.8578
2026-06-23,4.8926
2026-06-24,4.9083
2026-06-25,4.913
2026-06-26,4.9094
2026-06-29,4.8933
2026-06-30,4.8972
2026-07-01,4.9135
2026-07-02,4.9072
2026-07-03,4.8861
2026-07-06,4.9038
2026-07-07,4.8958
2026-07-08,4.9182
2026-07-09,4.9212
2026-07-10,4.9177
2026-07-13,4.9258
2026-07-14,4.9446
2026-07-15,4.9665
2026-07-16,4.9602
2026-07-17,4.9628
2026-07-20,4.969
2026-07-21,4.9756
2026-07-22,4.9918
2026-07-23,4.996
2026-07-24,4.9748
2026-07-27,4.963
2026-07-28,4.9636
2026-07-29,4.9555
2026-07-30,4.9659
2026-07-31,4.9569
2026-08-03,4.9366
2026-08-04,4.9359
2026-08-05,4.9097
2026-08-06,4.8992
2026-08-07,4.8988
2026-08-10,4.8948
2026-08-11,4.9078
2026-08-12,4.9028
2026-08-13,4.9132
2026-08-14,4.9138
2026-08-17,4.9003
2026-08-18,4.9033
2026-08-19,4.9071
2026-08-20,4.8955
2026-08-21,4.8619
2026-08-24,4.8619
2026-08-25,4.8715
2026-08-26,4.8724
2026-08-27,4.889
2026-08-28,4.9035
2026-08-31,4.9354
2026-09-01,4.9485
2026-09-02,4.9431
2026-09-03,4.9092
2026-09-04,4.9055
2026-09-07,4.9017
2026-09-08,4.9049
2026-09-09,4.901
2026-09-10,4.92
2026-09-11,4.929
2026-09-14,4.9564
2026-09-15,4.9609
2026-09-16,4.9575
2026-09-17,4.9653
2026-09-18,4.9801
2026-09-21,4.9639
2026-09-22,4.9462
2026-09-23,4.9632
2026-09-24,4.9877
2026-09-25,4.967
