horizon_weeks,group,กลุ่มตัวแปร,MAE_without_group,MAE_full,change_if_removed,verdict,product_id,product
1,season,ฤดูกาล/วันที่,6.41,6.39,0.01,ไม่ต่าง,W14021,หมอนทอง
1,retail,ราคาขายปลีก,6.39,6.39,-0.01,ไม่ต่าง,W14021,หมอนทอง
1,weather,สภาพอากาศ,6.7,6.39,0.3,ช่วย,W14021,หมอนทอง
1,fx,ค่าเงินหยวน,6.19,6.39,-0.2,ทำให้แย่ลง,W14021,หมอนทอง
1,festival,เทศกาลจีน,6.39,6.39,0.0,ไม่ต่าง,W14021,หมอนทอง
2,season,ฤดูกาล/วันที่,10.65,10.95,-0.3,ทำให้แย่ลง,W14021,หมอนทอง
2,retail,ราคาขายปลีก,11.18,10.95,0.23,ช่วย,W14021,หมอนทอง
2,weather,สภาพอากาศ,10.64,10.95,-0.31,ทำให้แย่ลง,W14021,หมอนทอง
2,fx,ค่าเงินหยวน,10.55,10.95,-0.4,ทำให้แย่ลง,W14021,หมอนทอง
2,festival,เทศกาลจีน,10.95,10.95,0.0,ไม่ต่าง,W14021,หมอนทอง
4,season,ฤดูกาล/วันที่,16.71,16.88,-0.17,ทำให้แย่ลง,W14021,หมอนทอง
4,retail,ราคาขายปลีก,17.39,16.88,0.51,ช่วย,W14021,หมอนทอง
4,weather,สภาพอากาศ,17.39,16.88,0.51,ช่วย,W14021,หมอนทอง
4,fx,ค่าเงินหยวน,15.56,16.88,-1.32,ทำให้แย่ลง,W14021,หมอนทอง
4,festival,เทศกาลจีน,16.88,16.88,0.0,ไม่ต่าง,W14021,หมอนทอง
1,season,ฤดูกาล/วันที่,5.24,5.51,-0.27,ทำให้แย่ลง,W14020,ชะนี
1,retail,ราคาขายปลีก,5.87,5.51,0.35,ช่วย,W14020,ชะนี
1,weather,สภาพอากาศ,5.72,5.51,0.2,ช่วย,W14020,ชะนี
1,fx,ค่าเงินหยวน,5.8,5.51,0.29,ช่วย,W14020,ชะนี
1,festival,เทศกาลจีน,5.51,5.51,0.0,ไม่ต่าง,W14020,ชะนี
2,season,ฤดูกาล/วันที่,9.31,9.4,-0.1,ทำให้แย่ลง,W14020,ชะนี
2,retail,ราคาขายปลีก,9.29,9.4,-0.11,ทำให้แย่ลง,W14020,ชะนี
2,weather,สภาพอากาศ,9.6,9.4,0.19,ช่วย,W14020,ชะนี
2,fx,ค่าเงินหยวน,9.29,9.4,-0.11,ทำให้แย่ลง,W14020,ชะนี
2,festival,เทศกาลจีน,9.4,9.4,0.0,ไม่ต่าง,W14020,ชะนี
