train_data,model,Brier,skill_vs_base_%,AUC,accuracy_at_50%,test_weeks,actual_drop_rate_%,product_id,product
ทุกปี,base_rate,0.1689,0.0,0.532,79.5,210,20.5,W14021,หมอนทอง
ทุกปี,seasonal,0.1647,2.5,0.581,79.5,210,20.5,W14021,หมอนทอง
ทุกปี,logistic,0.1484,12.1,0.714,81.0,210,20.5,W14021,หมอนทอง
ทุกปี,gbm,0.1577,6.6,0.674,77.6,210,20.5,W14021,หมอนทอง
2017+,base_rate,0.1643,0.0,0.425,79.5,210,20.5,W14021,หมอนทอง
2017+,seasonal,0.1566,4.7,0.576,79.5,210,20.5,W14021,หมอนทอง
2017+,logistic,0.1896,-15.4,0.644,74.8,210,20.5,W14021,หมอนทอง
2017+,gbm,0.1934,-17.7,0.572,74.3,210,20.5,W14021,หมอนทอง
ทุกปี,base_rate,0.1476,0.0,0.479,82.9,164,17.1,W14020,ชะนี
ทุกปี,seasonal,0.1487,-0.8,0.441,82.9,164,17.1,W14020,ชะนี
ทุกปี,logistic,0.1508,-2.2,0.615,81.7,164,17.1,W14020,ชะนี
ทุกปี,gbm,0.1724,-16.8,0.663,74.4,164,17.1,W14020,ชะนี
2017+,base_rate,0.1439,0.0,0.428,82.9,164,17.1,W14020,ชะนี
2017+,seasonal,0.1428,0.8,0.474,82.9,164,17.1,W14020,ชะนี
2017+,logistic,0.1708,-18.7,0.635,78.0,164,17.1,W14020,ชะนี
2017+,gbm,0.1675,-16.4,0.672,78.0,164,17.1,W14020,ชะนี
