horizon_weeks,model,MAE_baht,MAPE_%,better_than_naive_%,n_test_weeks,interval_coverage_%,interval_width_baht,product_id,product
1,naive,4.11,4.17,0.0,409,81.1,17.76,W14021,หมอนทอง
1,seasonal,5.26,5.54,-28.2,409,84.5,20.76,W14021,หมอนทอง
1,ridge,5.75,6.45,-40.1,409,77.4,24.46,W14021,หมอนทอง
1,gbm,6.39,6.35,-55.7,409,80.6,21.44,W14021,หมอนทอง
2,naive,7.54,7.68,0.0,393,80.3,27.58,W14021,หมอนทอง
2,seasonal,9.15,9.72,-21.4,393,83.3,32.53,W14021,หมอนทอง
2,ridge,10.79,12.74,-43.1,393,77.0,45.21,W14021,หมอนทอง
2,gbm,10.95,11.16,-45.3,393,80.3,34.93,W14021,หมอนทอง
4,naive,12.7,13.1,0.0,361,81.2,45.08,W14021,หมอนทอง
4,seasonal,14.87,15.89,-17.0,361,86.9,58.72,W14021,หมอนทอง
4,ridge,17.33,18.96,-36.4,361,71.1,65.83,W14021,หมอนทอง
4,gbm,16.88,17.23,-32.9,361,78.6,52.32,W14021,หมอนทอง
1,naive,3.46,4.01,0.0,245,74.9,9.19,W14020,ชะนี
1,seasonal,5.02,6.11,-45.0,245,80.6,15.92,W14020,ชะนี
1,ridge,5.27,7.2,-52.2,245,83.7,23.92,W14020,ชะนี
1,gbm,5.51,6.64,-59.3,245,81.9,16.61,W14020,ชะนี
2,naive,6.38,7.4,0.0,230,75.7,20.15,W14020,ชะนี
2,seasonal,8.27,10.05,-29.7,230,77.6,27.6,W14020,ชะนี
2,ridge,9.77,13.0,-53.2,230,85.0,44.2,W14020,ชะนี
2,gbm,9.4,11.16,-47.4,230,75.7,28.53,W14020,ชะนี
