รหัสเกษตรกร,คำนำหน้า,ชื่อ,นามสกุล,อายุ (ปี),เบอร์โทรศัพท์,หมู่ที่,ชื่อหมู่บ้าน,ตำบล,อำเภอ,จังหวัด,พื้นที่ปลูก (ไร่),จำนวนต้นทั้งหมด,จำนวนต้นที่ให้ผลผลิต,อายุต้นเฉลี่ย (ปี),พันธุ์หลัก,พันธุ์รอง,ระบบการปลูก,ระบบให้น้ำ,แหล่งน้ำ,ปุ๋ยหลักที่ใช้,ได้รับรอง GAP,เลขที่ใบรับรอง GAP,เป็นสมาชิกสหกรณ์/กลุ่ม,ชื่อสหกรณ์/กลุ่ม,ผลผลิตคาดการณ์ (กก.),วันเริ่มเก็บเกี่ยว,วันสิ้นสุดเก็บเกี่ยว,ช่องทางขายหลัก,ตลาดปลายทาง,วันที่ขึ้นทะเบียน (พ.ศ.),หมายเหตุ
DUR-CTB-001,นาย,อนุชา,ใจดี,50,082-000-4395,2,บ้านสวนใหม่,เขาวัว,อำเภอท่าใหม่,จันทบุรี,18,368,335,29,พวงมณี,หมอนทอง,ปลูกแซมยางพารา,สายยางรดน้ำ (ด้วยแรงงานคน),สระน้ำในสวน,ปุ๋ยเคมีสูตร 8-24-24 (ช่วงสะสมอาหาร),ไม่ใช่,,ไม่ใช่,,13990,2026-04-11,2026-06-22,พ่อค้าคนกลาง,ไต้หวัน,25/04/2561,
DUR-CTB-002,นาง,กัลยา,สุขสวัสดิ์,52,067-000-3257,4,บ้านโป่งน้ำร้อน,ตรอกนอง,อำเภอขลุง,จันทบุรี,51,1229,1148,26,หมอนทอง,พวงมณี,ปลูกบนพื้นราบ,สปริงเกลอร์,บ่อบาดาล,ปุ๋ยอินทรีย์ (มูลไก่/มูลวัว),ไม่ใช่,,ใช่,สหกรณ์การเกษตรขลุง จำกัด,86030,2026-04-13,2026-06-23,สหกรณ์,จีน,03/05/2557,เจ้าของสวนย้ายมาจากต่างจังหวัด เริ่มทำสวนทุเรียนเมื่อ 8 ปีก่อน
DUR-CTB-003,นาย,บุญเลิศ,ทองอร่าม,74,061-000-2000,6,บ้านคลองน้ำใส,ตรอกนอง,อำเภอขลุง,จันทบุรี,28,663,626,22,หมอนทอง,พวงมณี,ปลูกแบบยกร่อง,ระบบน้ำผสมปุ๋ยอัตโนมัติ,ลำห้วยธรรมชาติ,ปุ๋ยเคมีสูตร 8-24-24 (ช่วงสะสมอาหาร),ไม่ใช่,,ไม่ใช่,,43210,2026-04-15,2026-06-21,ล้งส่งออก,จีน,12/10/2559,"ขายผลผลิตส่วนหนึ่งผ่านเพจ ""สวนทุเรียนบ้านเรา"" (ส่งตรงถึงลูกค้า)"
DUR-CTB-004,นาง,วิไลวรรณ,ทองคำ,72,061-000-1107,8,บ้านตะแบก,ยายร้า,อำเภอท่าใหม่,จันทบุรี,21,361,356,10,ชะนี,หมอนทอง,ปลูกบนพื้นที่ลาดเชิงเขา,มินิสปริงเกลอร์,ลำห้วยธรรมชาติ,ปุ๋ยเคมีสูตร 15-15-15,ใช่,GAP-6605-69856,ไม่ใช่,,13350,2026-04-13,2026-06-22,ล้งส่งออก,จีน,24/01/2567,"สวนติดลำห้วย มีน้ำเพียงพอตลอดปี
แต่ถนนเข้าสวนเป็นดินลูกรัง หน้าฝนรถบรรทุกเข้าลำบาก"
DUR-CTB-005,นาย,ทวีศักดิ์,พงษ์เพชร,41,097-000-5362,4,บ้านโป่งน้ำร้อน,ท่าใหม่,อำเภอท่าใหม่,จันทบุรี,34,835,786,12,พวงมณี,หมอนทอง,ปลูกบนพื้นราบ,มินิสปริงเกลอร์,สระน้ำในสวน,ปุ๋ยอินทรีย์ (มูลไก่/มูลวัว),ไม่ใช่,,ใช่,สหกรณ์การเกษตรท่าใหม่ จำกัด,56730,2026-04-07,2026-06-25,สหกรณ์,เวียดนาม,03/06/2566,ผลผลิตปีนี้ทยอยสุก ไม่พร้อมกัน ทำให้ต้องเก็บหลายรอบ
DUR-CTB-006,นาย,เฉลิมชัย,แสงทอง,38,068-000-6062,7,บ้านห้วยลึก,บ่อ,อำเภอขลุง,จันทบุรี,84,1955,1828,10,หมอนทอง,กระดุม,ปลูกแซมยางพารา,สายยางรดน้ำ (ด้วยแรงงานคน),สระน้ำในสวน,ปุ๋ยอินทรีย์ (มูลไก่/มูลวัว),ไม่ใช่,,ใช่,กลุ่มวิสาหกิจชุมชนผู้ปลูกทุเรียนตำบลบ่อ,145090,2026-04-09,2026-06-21,สหกรณ์,จีน,19/02/2560,"เกษตรกรต้นแบบ ได้รับรางวัล ""สวนทุเรียนคุณภาพ"" ระดับจังหวัด"
DUR-CTB-007,นางสาว,กัลยา,บุญมี,61,089-000-1862,3,บ้านท่าช้าง,ท่าใหม่,อำเภอท่าใหม่,จันทบุรี,5,78,69,19,หมอนทอง,,ปลูกแบบยกร่อง,สายยางรดน้ำ (ด้วยแรงงานคน),คลองชลประทาน,ปุ๋ยเคมีสูตร 15-15-15,ไม่ใช่,,ใช่,กลุ่มวิสาหกิจชุมชนผู้ปลูกทุเรียนตำบลท่าใหม่,5180,2026-04-12,2026-06-23,สหกรณ์,จีน,11/11/2555,"ปีนี้ฝนตกชุก, ดอกร่วงมาก ผลผลิตลดลงประมาณ 15%"
DUR-CTB-008,นางสาว,บุษบา,เกษตรสุข,38,060-000-7797,5,บ้านห้วยลึก,ยายร้า,อำเภอท่าใหม่,จันทบุรี,24,419,374,12,หมอนทอง,,ปลูกบนพื้นที่ลาดเชิงเขา,มินิสปริงเกลอร์,บ่อบาดาล,ปุ๋ยเคมีสูตร 8-24-24 (ช่วงสะสมอาหาร),ใช่,GAP-6803-74177,ไม่ใช่,,25550,2026-04-13,2026-06-26,ล้งส่งออก,เวียดนาม,16/10/2560,"พบปัญหาโรครากเน่า-โคนเน่า (Phytophthora) ในแปลงที่ 2, อยู่ระหว่างการรักษา"
DUR-CTB-009,นาย,อำนาจ,ใจดี,70,097-000-9764,10,บ้านสวนส้ม,อ่างคีรี,อำเภอมะขาม,จันทบุรี,17,269,247,36,หมอนทอง,,ปลูกแซมยางพารา,สปริงเกลอร์,สระน้ำในสวน,ปุ๋ยเคมีสูตร 15-15-15,ใช่,GAP-6611-58453,ไม่ใช่,,10610,2026-04-16,2026-06-21,ตลาดสด,ในประเทศ,20/02/2564,"พบปัญหาโรครากเน่า-โคนเน่า (Phytophthora) ในแปลงที่ 2, อยู่ระหว่างการรักษา"
DUR-CTB-010,นาง,รัตนา,จันทร์หอม,49,068-000-8285,1,บ้านหนองปรือ,อ่างคีรี,อำเภอมะขาม,จันทบุรี,32,748,662,22,พวงมณี,กระดุม,ปลูกบนพื้นราบ,สายยางรดน้ำ (ด้วยแรงงานคน),ลำห้วยธรรมชาติ,ปุ๋ยเคมี+ปุ๋ยอินทรีย์ผสมผสาน,ใช่,GAP-6706-39616,ไม่ใช่,,39440,2026-04-11,2026-06-28,ล้งส่งออก,จีน,16/10/2559,"เกษตรกรต้นแบบ ได้รับรางวัล ""สวนทุเรียนคุณภาพ"" ระดับจังหวัด"
DUR-CTB-011,นาง,ลำดวน,เกษตรสุข,65,087-000-5974,3,บ้านสวนส้ม,ซึ้ง,อำเภอขลุง,จันทบุรี,10,176,175,11,พวงมณี,หมอนทอง,ปลูกแซมยางพารา,น้ำหยด,สระน้ำในสวน,ปุ๋ยเคมีสูตร 8-24-24 (ช่วงสะสมอาหาร),ไม่ใช่,,ไม่ใช่,,13950,2026-04-15,2026-06-28,พ่อค้าคนกลาง,จีน,05/11/2558,เจ้าของสวนย้ายมาจากต่างจังหวัด เริ่มทำสวนทุเรียนเมื่อ 8 ปีก่อน
DUR-CTB-012,นาง,ประภาพร,ธรรมชาติ,61,083-000-9709,10,บ้านเขาวง,ตรอกนอง,อำเภอขลุง,จันทบุรี,44,691,655,16,หมอนทอง,พวงมณี,ปลูกแซมยางพารา,สายยางรดน้ำ (ด้วยแรงงานคน),คลองชลประทาน,ปุ๋ยเคมีสูตร 8-24-24 (ช่วงสะสมอาหาร),ใช่,GAP-6705-87944,ไม่ใช่,,32500,2026-04-15,2026-06-23,ผู้ส่งออก,ไต้หวัน,13/11/2560,กำลังปรับปรุงสวนใหม่ ตัดแต่งกิ่งและเปลี่ยนต้นที่โทรมออก
DUR-CTB-013,นาย,อำนาจ,วงศ์สวัสดิ์,60,083-000-2849,6,บ้านคลองแก้ว,เขาวัว,อำเภอท่าใหม่,จันทบุรี,50,1094,1044,23,พวงมณี,หมอนทอง,ปลูกบนพื้นราบ,สปริงเกลอร์,สระน้ำในสวน,ปุ๋ยเคมี+ปุ๋ยอินทรีย์ผสมผสาน,ไม่ใช่,,ไม่ใช่,,79120,2026-04-16,2026-06-27,ผู้ส่งออก,จีน,25/05/2563,"พบปัญหาโรครากเน่า-โคนเน่า (Phytophthora) ในแปลงที่ 2, อยู่ระหว่างการรักษา"
DUR-CTB-014,นางสาว,นภาพร,อินทร์แก้ว,55,089-000-9032,6,บ้านวังหิน,ท่าใหม่,อำเภอท่าใหม่,จันทบุรี,15,247,221,17,หมอนทอง,,ปลูกบนพื้นที่ลาดเชิงเขา,น้ำหยด,ลำห้วยธรรมชาติ,ปุ๋ยเคมี+ปุ๋ยอินทรีย์ผสมผสาน,ไม่ใช่,,ใช่,กลุ่มวิสาหกิจชุมชนผู้ปลูกทุเรียนตำบลท่าใหม่,12050,2026-04-14,2026-06-21,ล้งส่งออก,ไต้หวัน,26/11/2557,
DUR-CTB-015,นาย,บรรเจิด,คงเจริญ,35,066-000-0967,1,บ้านเขาวง,ปัถวี,อำเภอมะขาม,จันทบุรี,55,1023,924,11,หมอนทอง,,ปลูกบนพื้นราบ,น้ำหยด,บ่อบาดาล,ปุ๋ยอินทรีย์ (มูลไก่/มูลวัว),ไม่ใช่,,ไม่ใช่,,36850,2026-04-10,2026-06-27,พ่อค้าคนกลาง,ฮ่องกง,09/12/2555,
DUR-CTB-016,นาง,บุษบา,สมบูรณ์ศรี,41,065-000-6417,9,บ้านท่าช้าง,ยายร้า,อำเภอท่าใหม่,จันทบุรี,58,1012,914,19,พวงมณี,หมอนทอง,ปลูกบนพื้นที่ลาดเชิงเขา,,สระน้ำในสวน,ปุ๋ยเคมีสูตร 8-24-24 (ช่วงสะสมอาหาร),ไม่ใช่,,ไม่ใช่,,43270,2026-04-10,2026-06-26,พ่อค้าคนกลาง,จีน,20/03/2567,"ปีนี้ฝนตกชุก, ดอกร่วงมาก ผลผลิตลดลงประมาณ 15%"
DUR-CTB-017,นาย,มานะ,นาคทอง,41,095-000-6271,4,บ้านคลองแก้ว,ซึ้ง,อำเภอขลุง,จันทบุรี,52,1204,1060,16,ชะนี,พวงมณี,ปลูกบนพื้นที่ลาดเชิงเขา,ระบบน้ำผสมปุ๋ยอัตโนมัติ,คลองชลประทาน,ปุ๋ยเคมีสูตร 15-15-15,ไม่ใช่,,ใช่,สหกรณ์การเกษตรขลุง จำกัด,81760,2026-04-10,2026-06-26,พ่อค้าคนกลาง,"จีน, เวียดนาม",01/03/2556,ผลผลิตปีนี้ทยอยสุก ไม่พร้อมกัน ทำให้ต้องเก็บหลายรอบ
DUR-CTB-018,นางสาว,ศิริพร,พงษ์เพชร,64,095-000-0083,3,บ้านเนินพลับพลา,ซึ้ง,อำเภอขลุง,จันทบุรี,11,218,214,36,หมอนทอง,กระดุม,ปลูกบนพื้นที่ลาดเชิงเขา,สปริงเกลอร์,แม่น้ำ/คลองสาธารณะ,ปุ๋ยเคมีสูตร 8-24-24 (ช่วงสะสมอาหาร),ไม่ใช่,,ไม่ใช่,,9470,2026-04-14,2026-06-28,ล้งส่งออก,ไต้หวัน,02/01/2561,ผลผลิตปีนี้ทยอยสุก ไม่พร้อมกัน ทำให้ต้องเก็บหลายรอบ
DUR-CTB-019,นาย,สุเทพ,สายทอง,73,064-000-0257,11,บ้านป่าละอู,เขาวัว,อำเภอท่าใหม่,จันทบุรี,40,655,603,25,ชะนี,,ปลูกบนพื้นราบ,น้ำหยด,คลองชลประทาน,ปุ๋ยหมักชีวภาพ,ใช่,GAP-6704-02552,ไม่ใช่,,41470,2026-04-14,2026-06-27,ล้งส่งออก,ฮ่องกง,01/07/2568,"เกษตรกรต้นแบบ ได้รับรางวัล ""สวนทุเรียนคุณภาพ"" ระดับจังหวัด"
DUR-CTB-020,นาย,กิตติพงษ์,ทองคำ,68,084-000-3333,4,บ้านห้วยลึก,ท่าใหม่,อำเภอท่าใหม่,จันทบุรี,25,585,351,7,หมอนทอง,กระดุม,ปลูกแซมยางพารา,มินิสปริงเกลอร์,คลองชลประทาน,ปุ๋ยเคมี+ปุ๋ยอินทรีย์ผสมผสาน,ใช่,GAP-6612-07724,ไม่ใช่,,9900,2026-04-08,2026-06-21,พ่อค้าคนกลาง,จีน,21/12/2558,ผลผลิตปีนี้ทยอยสุก ไม่พร้อมกัน ทำให้ต้องเก็บหลายรอบ
DUR-CTB-021,นาย,อนุชา,แก้วมณี,30,069-000-7488,10,บ้านหนองปรือ,อ่างคีรี,อำเภอมะขาม,จันทบุรี,16,284,254,10,หมอนทอง,,ปลูกบนพื้นราบ,สายยางรดน้ำ (ด้วยแรงงานคน),สระน้ำในสวน,ปุ๋ยเคมีสูตร 8-24-24 (ช่วงสะสมอาหาร),ใช่,GAP-6604-80937,ไม่ใช่,,11360,2026-04-12,2026-06-24,ล้งส่งออก,เวียดนาม,06/12/2560,
DUR-CTB-022,นาย,ทวีศักดิ์,ศรีสุวรรณ,49,096-000-5058,2,บ้านคลองแก้ว,ตรอกนอง,อำเภอขลุง,จันทบุรี,58,906,819,17,หมอนทอง,,ปลูกบนพื้นราบ,น้ำหยด,แม่น้ำ/คลองสาธารณะ,ปุ๋ยอินทรีย์ (มูลไก่/มูลวัว),ใช่,GAP-6806-89460,ใช่,สหกรณ์การเกษตรขลุง จำกัด,57020,2026-04-15,2026-06-27,ล้งส่งออก,"จีน, เวียดนาม",25/09/2564,"ขายผลผลิตส่วนหนึ่งผ่านเพจ ""สวนทุเรียนบ้านเรา"" (ส่งตรงถึงลูกค้า)"
DUR-CTB-023,นาย,อรัญ,ธรรมชาติ,43,060-000-5477,12,บ้านเขาวง,ตรอกนอง,อำเภอขลุง,จันทบุรี,30,702,666,16,หมอนทอง,กระดุม,ปลูกบนพื้นที่ลาดเชิงเขา,สปริงเกลอร์,คลองชลประทาน,ปุ๋ยหมักชีวภาพ,ใช่,GAP-6603-06225,ใช่,สหกรณ์การเกษตรขลุง จำกัด,24050,2026-04-09,2026-06-21,สหกรณ์,"จีน, เวียดนาม",26/08/2555,
DUR-CTB-024,นาย,สมหมาย,ปานทอง,33,067-000-6450,7,บ้านท่าช้าง,บ่อ,อำเภอขลุง,จันทบุรี,8,157,94,7,กระดุม,ชะนี,ปลูกแบบยกร่อง,สายยางรดน้ำ (ด้วยแรงงานคน),สระน้ำในสวน,ปุ๋ยอินทรีย์ (มูลไก่/มูลวัว),ไม่ใช่,,ไม่ใช่,,3460,2026-04-14,2026-06-25,ขายตรง,ในประเทศ,20/09/2568,"สวนติดลำห้วย มีน้ำเพียงพอตลอดปี
แต่ถนนเข้าสวนเป็นดินลูกรัง หน้าฝนรถบรรทุกเข้าลำบาก"
DUR-CTB-025,นาง,เยาวลักษณ์,ทองอร่าม,74,068-000-2338,7,บ้านสวนใหม่,ท่าใหม่,อำเภอท่าใหม่,จันทบุรี,20,437,43,4,พวงมณี,,ปลูกบนพื้นราบ,สายยางรดน้ำ (ด้วยแรงงานคน),สระน้ำในสวน,ปุ๋ยเคมีสูตร 15-15-15,ไม่ใช่,,ไม่ใช่,,1450,2026-04-14,2026-06-25,ผู้ส่งออก,ฮ่องกง,23/09/2559,"สวนติดลำห้วย มีน้ำเพียงพอตลอดปี
แต่ถนนเข้าสวนเป็นดินลูกรัง หน้าฝนรถบรรทุกเข้าลำบาก"
DUR-CTB-026,นาง,วิไลวรรณ,ใจดี,54,069-000-9950,1,บ้านตะแบก,อ่างคีรี,อำเภอมะขาม,จันทบุรี,26,503,477,27,ก้านยาว,,ปลูกแบบยกร่อง,สปริงเกลอร์,ลำห้วยธรรมชาติ,ปุ๋ยเคมีสูตร 8-24-24 (ช่วงสะสมอาหาร),ไม่ใช่,,ใช่,สหกรณ์การเกษตรมะขาม จำกัด,26990,2026-04-08,2026-06-23,ล้งส่งออก,เวียดนาม,09/04/2561,
DUR-CTB-027,นาย,บุญเลิศ,เพชรรัตน์,51,065-000-1899,9,บ้านเนินสูง,ยายร้า,อำเภอท่าใหม่,จันทบุรี,26,449,402,15,ก้านยาว,หมอนทอง,ปลูกบนพื้นราบ,สายยางรดน้ำ (ด้วยแรงงานคน),ลำห้วยธรรมชาติ,ปุ๋ยหมักชีวภาพ,ไม่ใช่,,ไม่ใช่,,25550,2026-04-15,2026-06-24,ผู้ส่งออก,ฮ่องกง,25/06/2563,"เกษตรกรต้นแบบ ได้รับรางวัล ""สวนทุเรียนคุณภาพ"" ระดับจังหวัด"
DUR-CTB-028,นาย,เฉลิมชัย,จันทร์หอม,46,060-000-5873,4,บ้านห้วยลึก,ปัถวี,อำเภอมะขาม,จันทบุรี,34,676,67,4,พวงมณี,,ปลูกบนพื้นที่ลาดเชิงเขา,สปริงเกลอร์,บ่อบาดาล,ปุ๋ยอินทรีย์ (มูลไก่/มูลวัว),ไม่ใช่,,ไม่ใช่,,2520,2026-04-11,2026-06-28,ล้งส่งออก,"จีน, เวียดนาม",14/09/2557,
DUR-CTB-029,นาง,ศิริพร,อินทร์แก้ว,73,081-000-9863,2,บ้านเนินสูง,เขาวัว,อำเภอท่าใหม่,จันทบุรี,20,495,481,36,หมอนทอง,ชะนี,ปลูกแบบยกร่อง,สายยางรดน้ำ (ด้วยแรงงานคน),สระน้ำในสวน,ปุ๋ยอินทรีย์ (มูลไก่/มูลวัว),ใช่,GAP-6808-98036,ใช่,สหกรณ์การเกษตรท่าใหม่ จำกัด,40880,2026-04-16,2026-06-21,สหกรณ์,"จีน, เวียดนาม",20/01/2564,กำลังปรับปรุงสวนใหม่ ตัดแต่งกิ่งและเปลี่ยนต้นที่โทรมออก
DUR-CTB-030,นาย,เฉลิมชัย,ปานทอง,72,084-000-4167,11,บ้านเนินสูง,บ่อ,อำเภอขลุง,จันทบุรี,11,199,190,8,หมอนทอง,,ปลูกบนพื้นที่ลาดเชิงเขา,น้ำหยด,คลองชลประทาน,ปุ๋ยอินทรีย์ (มูลไก่/มูลวัว),ใช่,GAP-6611-83193,ไม่ใช่,,10160,2026-04-15,2026-06-23,ผู้ส่งออก,ไต้หวัน,14/04/2565,
DUR-CTB-031,นาย,สุเทพ,ศรีสุวรรณ,70,099-000-5857,4,บ้านโป่งน้ำร้อน,ท่าใหม่,อำเภอท่าใหม่,จันทบุรี,16,273,245,27,ก้านยาว,หมอนทอง,ปลูกบนพื้นราบ,มินิสปริงเกลอร์,บ่อบาดาล,ปุ๋ยเคมี+ปุ๋ยอินทรีย์ผสมผสาน,ไม่ใช่,,ใช่,สหกรณ์การเกษตรท่าใหม่ จำกัด,13840,2026-04-09,2026-06-25,พ่อค้าคนกลาง,จีน,18/05/2557,"ขายผลผลิตส่วนหนึ่งผ่านเพจ ""สวนทุเรียนบ้านเรา"" (ส่งตรงถึงลูกค้า)"
DUR-CTB-032,นาย,ประยูร,ศรีจันทร์,74,096-000-0056,11,บ้านคลองน้ำใส,ปัถวี,อำเภอมะขาม,จันทบุรี,18,397,350,19,หมอนทอง,,ปลูกบนพื้นที่ลาดเชิงเขา,สายยางรดน้ำ (ด้วยแรงงานคน),สระน้ำในสวน,ปุ๋ยเคมี+ปุ๋ยอินทรีย์ผสมผสาน,ไม่ใช่,,ไม่ใช่,,28670,2026-04-11,2026-06-28,พ่อค้าคนกลาง,เวียดนาม,25/11/2564,
DUR-CTB-033,นาง,สุนิสา,บัวทอง,38,067-000-2865,4,บ้านห้วยลึก,ยายร้า,อำเภอท่าใหม่,จันทบุรี,45,976,896,12,หมอนทอง,พวงมณี,ปลูกแซมยางพารา,สายยางรดน้ำ (ด้วยแรงงานคน),ลำห้วยธรรมชาติ,ปุ๋ยอินทรีย์ (มูลไก่/มูลวัว),ไม่ใช่,,ไม่ใช่,,45760,2026-04-15,2026-06-27,ตลาดสด,ในประเทศ,03/03/2560,"พบปัญหาโรครากเน่า-โคนเน่า (Phytophthora) ในแปลงที่ 2, อยู่ระหว่างการรักษา"
DUR-CTB-034,นางสาว,อรุณี,ทองอร่าม,73,061-000-0150,9,บ้านสวนใหม่,วังแซ้ม,อำเภอมะขาม,จันทบุรี,19,286,285,31,หมอนทอง,พวงมณี,ปลูกแบบยกร่อง,ระบบน้ำผสมปุ๋ยอัตโนมัติ,ลำห้วยธรรมชาติ,ปุ๋ยหมักชีวภาพ,ใช่,GAP-6801-31588,ใช่,กลุ่มวิสาหกิจชุมชนผู้ปลูกทุเรียนตำบลวังแซ้ม,20290,2026-04-14,2026-06-27,ตลาดสด,ในประเทศ,05/10/2561,"เกษตรกรต้นแบบ ได้รับรางวัล ""สวนทุเรียนคุณภาพ"" ระดับจังหวัด"
DUR-CTB-035,นาย,สมศักดิ์,ใจดี,40,081-000-1245,2,บ้านเนินพลับพลา,ปัถวี,อำเภอมะขาม,จันทบุรี,32,688,630,21,ชะนี,,ปลูกบนพื้นที่ลาดเชิงเขา,น้ำหยด,สระน้ำในสวน,ปุ๋ยหมักชีวภาพ,ใช่,GAP-6807-55574,ใช่,กลุ่มวิสาหกิจชุมชนผู้ปลูกทุเรียนตำบลปัถวี,22370,2026-04-11,2026-06-20,สหกรณ์,"จีน, เวียดนาม",05/12/2568,
DUR-CTB-036,นาย,ประเสริฐ,ผลดี,71,093-000-3886,9,บ้านเขาวง,ยายร้า,อำเภอท่าใหม่,จันทบุรี,34,681,633,23,หมอนทอง,,ปลูกแบบยกร่อง,สายยางรดน้ำ (ด้วยแรงงานคน),คลองชลประทาน,ปุ๋ยเคมีสูตร 8-24-24 (ช่วงสะสมอาหาร),ใช่,GAP-6808-08754,ไม่ใช่,,31300,2026-04-15,2026-06-23,พ่อค้าคนกลาง,จีน,17/02/2567,
DUR-CPN-001,นาย,เกรียงไกร,มั่นคง,60,064-000-6766,5,บ้านท่าช้าง,บางน้ำจืด,อำเภอหลังสวน,ชุมพร,8,145,138,35,หมอนทอง,กระดุม,ปลูกแบบยกร่อง,น้ำหยด,สระน้ำในสวน,ปุ๋ยอินทรีย์ (มูลไก่/มูลวัว),ไม่ใช่,,ไม่ใช่,,10210,2026-05-14,2026-07-21,ผู้ส่งออก,เวียดนาม,11/04/2556,ผลผลิตปีนี้ทยอยสุก ไม่พร้อมกัน ทำให้ต้องเก็บหลายรอบ
DUR-CPN-002,นาง,พรทิพย์,รัตนพันธ์,72,066-000-4312,1,บ้านเขาวง,นาขา,อำเภอหลังสวน,ชุมพร,52,790,725,20,หมอนทอง,ชะนี,ปลูกบนพื้นราบ,มินิสปริงเกลอร์,สระน้ำในสวน,ปุ๋ยเคมีสูตร 8-24-24 (ช่วงสะสมอาหาร),ไม่ใช่,,ใช่,กลุ่มวิสาหกิจชุมชนผู้ปลูกทุเรียนตำบลนาขา,36850,2026-05-16,2026-07-25,ผู้ส่งออก,จีน,01/10/2560,
DUR-CPN-003,นาง,วิไลวรรณ,พงษ์เพชร,67,082-000-1609,2,บ้านท่าช้าง,สวนแตง,อำเภอละแม,ชุมพร,14,222,216,17,หมอนทอง,กระดุม,ปลูกบนพื้นที่ลาดเชิงเขา,สปริงเกลอร์,บ่อบาดาล,ปุ๋ยเคมีสูตร 15-15-15,ไม่ใช่,,ใช่,กลุ่มวิสาหกิจชุมชนผู้ปลูกทุเรียนตำบลสวนแตง,12420,2026-05-08,2026-07-28,สหกรณ์,ไต้หวัน,15/04/2564,ผลผลิตปีนี้ทยอยสุก ไม่พร้อมกัน ทำให้ต้องเก็บหลายรอบ
DUR-CPN-004,นาย,สมชาย,ศรีจันทร์,29,090-000-3045,10,บ้านสวนใหม่,หงษ์เจริญ,อำเภอท่าแซะ,ชุมพร,52,1294,1261,10,หมอนทอง,,ปลูกบนพื้นที่ลาดเชิงเขา,น้ำหยด,ลำห้วยธรรมชาติ,ปุ๋ยเคมี+ปุ๋ยอินทรีย์ผสมผสาน,ใช่,GAP-6805-78184,ไม่ใช่,,73200,2026-05-07,2026-07-26,ขายตรง,ในประเทศ,23/06/2558,กำลังปรับปรุงสวนใหม่ ตัดแต่งกิ่งและเปลี่ยนต้นที่โทรมออก
DUR-CPN-005,นาง,กัลยา,ศรีจันทร์,39,095-000-9077,8,บ้านโป่งน้ำร้อน,ทุ่งหลวง,อำเภอละแม,ชุมพร,8,141,128,9,หมอนทอง,ชะนี,ปลูกบนพื้นที่ลาดเชิงเขา,น้ำหยด,แม่น้ำ/คลองสาธารณะ,ปุ๋ยอินทรีย์ (มูลไก่/มูลวัว),ไม่ใช่,,ใช่,สหกรณ์การเกษตรละแม จำกัด,6930,2026-05-09,2026-07-21,ล้งส่งออก,จีน,08/05/2558,มีแผนขยายพื้นที่ปลูกเพิ่มอีก 5 ไร่ ในปีหน้า
DUR-CPN-006,นาย,เกรียงไกร,หอมสมบัติ,55,068-000-2444,7,บ้านเนินสูง,ทุ่งหลวง,อำเภอละแม,ชุมพร,30,495,440,18,หมอนทอง,ก้านยาว,ปลูกบนพื้นราบ,สายยางรดน้ำ (ด้วยแรงงานคน),ลำห้วยธรรมชาติ,ปุ๋ยเคมีสูตร 8-24-24 (ช่วงสะสมอาหาร),ใช่,GAP-6804-34823,ไม่ใช่,,37340,2026-05-16,2026-07-25,ล้งส่งออก,"จีน, เวียดนาม",01/07/2555,"พบปัญหาโรครากเน่า-โคนเน่า (Phytophthora) ในแปลงที่ 2, อยู่ระหว่างการรักษา"
DUR-CPN-007,นาง,นภาพร,ชูเกียรติ,32,062-000-8686,12,บ้านเขาวง,บางน้ำจืด,อำเภอหลังสวน,ชุมพร,67,1674,1474,14,หมอนทอง,ชะนี,ปลูกบนพื้นที่ลาดเชิงเขา,น้ำหยด,คลองชลประทาน,ปุ๋ยเคมีสูตร 8-24-24 (ช่วงสะสมอาหาร),ไม่ใช่,,ไม่ใช่,,117990,2026-05-08,2026-07-27,ขายตรง,ในประเทศ,04/11/2557,"ปีนี้ฝนตกชุก, ดอกร่วงมาก ผลผลิตลดลงประมาณ 15%"
DUR-CPN-008,นาย,ไพบูลย์,สุขสวัสดิ์,38,067-000-5056,3,บ้านป่าละอู,หลังสวน,อำเภอหลังสวน,ชุมพร,25,579,347,5,ชะนี,กระดุม,ปลูกบนพื้นราบ,มินิสปริงเกลอร์,คลองชลประทาน,ปุ๋ยเคมีสูตร 8-24-24 (ช่วงสะสมอาหาร),ใช่,GAP-6606-93766,ไม่ใช่,,5980,2026-05-09,2026-07-21,ตลาดสด,ในประเทศ,21/07/2562,เจ้าของสวนย้ายมาจากต่างจังหวัด เริ่มทำสวนทุเรียนเมื่อ 8 ปีก่อน
DUR-CPN-009,นาง,พรทิพย์,แสงทอง,55,066-000-0446,7,บ้านป่าละอู,หลังสวน,อำเภอหลังสวน,ชุมพร,42,692,685,11,หมอนทอง,,ปลูกแบบยกร่อง,มินิสปริงเกลอร์,สระน้ำในสวน,ปุ๋ยเคมีสูตร 15-15-15,ใช่,GAP-6809-32518,ไม่ใช่,,36410,2026-05-11,2026-07-24,ล้งส่งออก,ไต้หวัน,03/07/2558,ผลผลิตปีนี้ทยอยสุก ไม่พร้อมกัน ทำให้ต้องเก็บหลายรอบ
DUR-CPN-010,นาย,ประเสริฐ,ชูเกียรติ,44,089-000-9577,4,บ้านวังหิน,บางน้ำจืด,อำเภอหลังสวน,ชุมพร,25,521,312,6,กระดุม,,ปลูกบนพื้นราบ,สายยางรดน้ำ (ด้วยแรงงานคน),ลำห้วยธรรมชาติ,ปุ๋ยอินทรีย์ (มูลไก่/มูลวัว),ใช่,GAP-6609-53839,ไม่ใช่,,9320,2026-05-12,2026-07-23,พ่อค้าคนกลาง,ฮ่องกง,11/11/2562,ใช้โดรนพ่นปุ๋ยทางใบ ลดต้นทุนแรงงานได้ราว 30%
DUR-CPN-011,นาง,สุนิสา,นาคทอง,54,065-000-9453,1,บ้านตะแบก,ทุ่งหลวง,อำเภอละแม,ชุมพร,29,638,630,17,หมอนทอง,,ปลูกบนพื้นราบ,ระบบน้ำผสมปุ๋ยอัตโนมัติ,ลำห้วยธรรมชาติ,ปุ๋ยหมักชีวภาพ,ใช่,GAP-6806-38299,ไม่ใช่,,51840,2026-05-12,2026-07-27,ขายตรง,ในประเทศ,10/04/2555,มีแผนขยายพื้นที่ปลูกเพิ่มอีก 5 ไร่ ในปีหน้า
DUR-CPN-012,นาง,มาลี,วงศ์สวัสดิ์,55,065-000-4440,10,บ้านห้วยลึก,สวนแตง,อำเภอละแม,ชุมพร,9,159,156,29,หมอนทอง,ชะนี,ปลูกบนพื้นราบ,สายยางรดน้ำ (ด้วยแรงงานคน),ลำห้วยธรรมชาติ,ปุ๋ยหมักชีวภาพ,ไม่ใช่,,ใช่,กลุ่มวิสาหกิจชุมชนผู้ปลูกทุเรียนตำบลสวนแตง,5760,2026-05-07,2026-07-22,สหกรณ์,จีน,28/10/2559,ต้องการอบรมเรื่องการตัดทุเรียนให้ได้ค่า DM ตามเกณฑ์
DUR-CPN-013,นาย,สุเทพ,จันทร์หอม,55,063-000-0502,10,บ้านป่าละอู,รับร่อ,อำเภอท่าแซะ,ชุมพร,31,472,432,15,ชะนี,หมอนทอง,ปลูกแซมยางพารา,สายยางรดน้ำ (ด้วยแรงงานคน),คลองชลประทาน,ปุ๋ยเคมีสูตร 15-15-15,ไม่ใช่,,ใช่,สหกรณ์การเกษตรท่าแซะ จำกัด,16700,2026-05-12,2026-07-22,สหกรณ์,จีน,21/01/2559,เจ้าของสวนย้ายมาจากต่างจังหวัด เริ่มทำสวนทุเรียนเมื่อ 8 ปีก่อน
DUR-CPN-014,นาย,สุวิทย์,อินทร์แก้ว,55,095-000-5674,6,บ้านป่าละอู,สวนแตง,อำเภอละแม,ชุมพร,56,1211,1148,31,ชะนี,ก้านยาว,ปลูกแซมยางพารา,น้ำหยด,คลองชลประทาน,ปุ๋ยเคมีสูตร 8-24-24 (ช่วงสะสมอาหาร),ไม่ใช่,,ใช่,กลุ่มวิสาหกิจชุมชนผู้ปลูกทุเรียนตำบลสวนแตง,71230,2026-05-11,2026-07-23,ผู้ส่งออก,ฮ่องกง,23/05/2562,"ปีนี้ฝนตกชุก, ดอกร่วงมาก ผลผลิตลดลงประมาณ 15%"
DUR-CPN-015,นาย,ชัยวัฒน์,บัวทอง,57,090-000-4932,8,บ้านทุ่งนา,ทุ่งหลวง,อำเภอละแม,ชุมพร,33,523,494,17,ชะนี,หมอนทอง,ปลูกบนพื้นที่ลาดเชิงเขา,,สระน้ำในสวน,ปุ๋ยอินทรีย์ (มูลไก่/มูลวัว),ไม่ใช่,,ไม่ใช่,,36700,2026-05-16,2026-07-20,ขายตรง,ในประเทศ,13/12/2561,
DUR-CPN-016,นาง,บุษบา,ใจดี,30,092-000-1757,7,บ้านหนองปรือ,รับร่อ,อำเภอท่าแซะ,ชุมพร,11,259,155,5,หมอนทอง,ชะนี,ปลูกบนพื้นที่ลาดเชิงเขา,น้ำหยด,ลำห้วยธรรมชาติ,ปุ๋ยเคมีสูตร 15-15-15,ไม่ใช่,,ไม่ใช่,,2480,2026-05-12,2026-07-27,พ่อค้าคนกลาง,จีน,17/01/2563,"ปีนี้ฝนตกชุก, ดอกร่วงมาก ผลผลิตลดลงประมาณ 15%"
DUR-CPN-017,นาย,สุวิทย์,ศรีจันทร์,,098-000-3242,8,บ้านเนินพลับพลา,รับร่อ,อำเภอท่าแซะ,ชุมพร,35,839,784,25,ชะนี,,ปลูกบนพื้นราบ,น้ำหยด,แม่น้ำ/คลองสาธารณะ,ปุ๋ยเคมีสูตร 15-15-15,ใช่,GAP-6703-59369,ไม่ใช่,,61520,2026-05-14,2026-07-22,พ่อค้าคนกลาง,ไต้หวัน,21/12/2556,"สวนติดลำห้วย มีน้ำเพียงพอตลอดปี
แต่ถนนเข้าสวนเป็นดินลูกรัง หน้าฝนรถบรรทุกเข้าลำบาก"
DUR-TRT-001,นางสาว,สายสุนีย์,ศรีสุวรรณ,57,069-000-9453,10,บ้านคลองแก้ว,แสนตุ้ง,อำเภอเขาสมิง,ตราด,28,560,518,15,หมอนทอง,พวงมณี,ปลูกแซมยางพารา,น้ำหยด,บ่อบาดาล,ปุ๋ยหมักชีวภาพ,ใช่,GAP-6703-96547,ไม่ใช่,,41720,2026-04-24,2026-07-08,ขายตรง,ในประเทศ,12/03/2558,"สวนติดลำห้วย มีน้ำเพียงพอตลอดปี
แต่ถนนเข้าสวนเป็นดินลูกรัง หน้าฝนรถบรรทุกเข้าลำบาก"
DUR-TRT-002,นาย,สุรพล,วงศ์สวัสดิ์,67,069-000-0330,5,บ้านห้วยลึก,วังตะเคียน,อำเภอเขาสมิง,ตราด,25,599,591,13,หมอนทอง,ก้านยาว,ปลูกแบบยกร่อง,ระบบน้ำผสมปุ๋ยอัตโนมัติ,แม่น้ำ/คลองสาธารณะ,ปุ๋ยหมักชีวภาพ,ใช่,GAP-6605-08162,ไม่ใช่,,22490,2026-04-22,2026-07-02,พ่อค้าคนกลาง,จีน,24/11/2557,
DUR-TRT-003,นาย,สมหมาย,สมบูรณ์ศรี,37,063-000-5186,12,บ้านทุ่งนา,แสนตุ้ง,อำเภอเขาสมิง,ตราด,30,498,461,17,หมอนทอง,พวงมณี,ปลูกบนพื้นราบ,ระบบน้ำผสมปุ๋ยอัตโนมัติ,แม่น้ำ/คลองสาธารณะ,ปุ๋ยอินทรีย์ (มูลไก่/มูลวัว),ใช่,GAP-6603-22551,ใช่,สหกรณ์การเกษตรเขาสมิง จำกัด,28250,2026-04-21,2026-07-07,สหกรณ์,เวียดนาม,27/01/2563,"ขายผลผลิตส่วนหนึ่งผ่านเพจ ""สวนทุเรียนบ้านเรา"" (ส่งตรงถึงลูกค้า)"
DUR-TRT-004,นาง,สมหญิง,พูลสวัสดิ์,35,099-000-3846,4,บ้านตะแบก,แสนตุ้ง,อำเภอเขาสมิง,ตราด,14,335,307,9,พวงมณี,หมอนทอง,ปลูกบนพื้นราบ,มินิสปริงเกลอร์,ลำห้วยธรรมชาติ,ปุ๋ยเคมีสูตร 15-15-15,ไม่ใช่,,ไม่ใช่,,25850,2026-04-23,2026-07-01,ล้งส่งออก,จีน,02/04/2562,
DUR-TRT-005,นาย,บุญเลิศ,ผลดี,72,087-000-8654,3,บ้านคลองแก้ว,แสนตุ้ง,อำเภอเขาสมิง,ตราด,20,411,362,18,หมอนทอง,พวงมณี,ปลูกแบบยกร่อง,น้ำหยด,แม่น้ำ/คลองสาธารณะ,ปุ๋ยอินทรีย์ (มูลไก่/มูลวัว),ใช่,GAP-6609-06550,ไม่ใช่,,15410,2026-04-21,2026-07-03,ล้งส่งออก,"จีน, เวียดนาม",14/01/2564,"ปีนี้ฝนตกชุก, ดอกร่วงมาก ผลผลิตลดลงประมาณ 15%"
DUR-TRT-006,นาย,ไพบูลย์,ศรีจันทร์,71,081-000-6974,1,บ้านคลองน้ำใส,แสนตุ้ง,อำเภอเขาสมิง,ตราด,19,365,355,24,ก้านยาว,พวงมณี,ปลูกบนพื้นราบ,สปริงเกลอร์,สระน้ำในสวน,ปุ๋ยเคมี+ปุ๋ยอินทรีย์ผสมผสาน,ไม่ใช่,,ไม่ใช่,,29630,2026-04-17,2026-07-06,พ่อค้าคนกลาง,เวียดนาม,16/12/2562,"สวนติดลำห้วย มีน้ำเพียงพอตลอดปี
แต่ถนนเข้าสวนเป็นดินลูกรัง หน้าฝนรถบรรทุกเข้าลำบาก"
DUR-TRT-007,นาง,สุนิสา,ผลดี,51,069-000-0786,2,บ้านป่าละอู,แสนตุ้ง,อำเภอเขาสมิง,ตราด,14,213,205,21,หมอนทอง,กระดุม,ปลูกบนพื้นราบ,ระบบน้ำผสมปุ๋ยอัตโนมัติ,ลำห้วยธรรมชาติ,ปุ๋ยเคมีสูตร 8-24-24 (ช่วงสะสมอาหาร),ใช่,GAP-6804-66303,ไม่ใช่,,16540,2026-04-19,2026-07-03,ล้งส่งออก,ไต้หวัน,03/03/2559,ต้องการอบรมเรื่องการตัดทุเรียนให้ได้ค่า DM ตามเกณฑ์
DUR-TRT-008,นาง,นภาพร,รัตนพันธ์,41,069-000-3938,3,บ้านสวนใหม่,ช้างทูน,อำเภอบ่อไร่,ตราด,15,351,330,12,หมอนทอง,,ปลูกแซมยางพารา,ระบบน้ำผสมปุ๋ยอัตโนมัติ,บ่อบาดาล,ปุ๋ยอินทรีย์ (มูลไก่/มูลวัว),ไม่ใช่,,ไม่ใช่,,22370,2026-04-26,2026-06-30,พ่อค้าคนกลาง,ฮ่องกง,15/03/2564,
DUR-TRT-009,นาย,สุรพล,หอมสมบัติ,50,082-000-3353,2,บ้านเนินพลับพลา,เขาสมิง,อำเภอเขาสมิง,ตราด,28,618,582,16,ชะนี,หมอนทอง,ปลูกแบบยกร่อง,สปริงเกลอร์,คลองชลประทาน,ปุ๋ยเคมีสูตร 15-15-15,ไม่ใช่,,ไม่ใช่,,43110,2026-04-19,2026-07-07,ผู้ส่งออก,จีน,02/07/2558,กำลังปรับปรุงสวนใหม่ ตัดแต่งกิ่งและเปลี่ยนต้นที่โทรมออก
DUR-TRT-010,นาง,วิไลวรรณ,ผลดี,53,091-000-6917,10,บ้านป่าละอู,วังตะเคียน,อำเภอเขาสมิง,ตราด,25,552,546,30,กระดุม,หมอนทอง,ปลูกบนพื้นที่ลาดเชิงเขา,สายยางรดน้ำ (ด้วยแรงงานคน),ลำห้วยธรรมชาติ,ปุ๋ยอินทรีย์ (มูลไก่/มูลวัว),ไม่ใช่,,ไม่ใช่,,45680,2026-04-22,2026-07-06,ล้งส่งออก,ฮ่องกง,05/02/2557,ผลผลิตปีนี้ทยอยสุก ไม่พร้อมกัน ทำให้ต้องเก็บหลายรอบ
DUR-TRT-011,นาง,อรุณี,คงเจริญ,48,068-000-5344,2,บ้านตะแบก,หนองบอน,อำเภอบ่อไร่,ตราด,6,90,9,4,หมอนทอง,ชะนี,ปลูกบนพื้นที่ลาดเชิงเขา,น้ำหยด,สระน้ำในสวน,ปุ๋ยหมักชีวภาพ,ใช่,GAP-6701-18715,ใช่,สหกรณ์การเกษตรบ่อไร่ จำกัด,290,2026-04-21,2026-07-04,ผู้ส่งออก,จีน,12/10/2560,"สวนติดลำห้วย มีน้ำเพียงพอตลอดปี
แต่ถนนเข้าสวนเป็นดินลูกรัง หน้าฝนรถบรรทุกเข้าลำบาก"
DUR-TRT-012,นาย,ประยูร,นาคทอง,58,096-000-1935,3,บ้านป่าละอู,วังตะเคียน,อำเภอเขาสมิง,ตราด,44,901,880,29,พวงมณี,,ปลูกบนพื้นราบ,น้ำหยด,แม่น้ำ/คลองสาธารณะ,ปุ๋ยเคมีสูตร 15-15-15,ใช่,GAP-6811-83334,ไม่ใช่,,61510,2026-04-26,2026-06-30,ล้งส่งออก,ไต้หวัน,20/05/2559,มีแผนขยายพื้นที่ปลูกเพิ่มอีก 5 ไร่ ในปีหน้า
DUR-TRT-013,นาง,สุภาพร,สุขสวัสดิ์,70,062-000-5334,11,บ้านวังหิน,หนองบอน,อำเภอบ่อไร่,ตราด,24,486,291,6,หมอนทอง,พวงมณี,ปลูกบนพื้นที่ลาดเชิงเขา,น้ำหยด,ลำห้วยธรรมชาติ,ปุ๋ยอินทรีย์ (มูลไก่/มูลวัว),ไม่ใช่,,ใช่,กลุ่มวิสาหกิจชุมชนผู้ปลูกทุเรียนตำบลหนองบอน,10030,2026-04-21,2026-07-01,ขายตรง,ในประเทศ,26/06/2561,"สวนติดลำห้วย มีน้ำเพียงพอตลอดปี
แต่ถนนเข้าสวนเป็นดินลูกรัง หน้าฝนรถบรรทุกเข้าลำบาก"
DUR-TRT-014,นาย,ณรงค์,เจริญผล,32,064-000-9546,7,บ้านทุ่งนา,หนองบอน,อำเภอบ่อไร่,ตราด,26,587,352,6,หมอนทอง,,ปลูกบนพื้นที่ลาดเชิงเขา,ระบบน้ำผสมปุ๋ยอัตโนมัติ,คลองชลประทาน,ปุ๋ยเคมี+ปุ๋ยอินทรีย์ผสมผสาน,ใช่,GAP-6710-99372,ไม่ใช่,,10820,2026-04-22,2026-07-06,ตลาดสด,ในประเทศ,17/05/2567,
DUR-NST-001,นาย,พิชิต,จันทร์หอม,60,069-000-6228,7,บ้านเนินสูง,ที่วัง,อำเภอทุ่งสง,นครศรีธรรมราช,12,224,214,26,ชะนี,,ปลูกบนพื้นราบ,สายยางรดน้ำ (ด้วยแรงงานคน),คลองชลประทาน,ปุ๋ยอินทรีย์ (มูลไก่/มูลวัว),ใช่,GAP-6701-08580,ไม่ใช่,,15600,2026-06-08,2026-09-01,ผู้ส่งออก,"จีน, เวียดนาม",01/03/2558,
DUR-NST-002,นาย,พิชิต,มั่นคง,60,097-000-0144,12,บ้านเนินพลับพลา,ที่วัง,อำเภอทุ่งสง,นครศรีธรรมราช,23,468,452,26,หมอนทอง,กระดุม,ปลูกบนพื้นที่ลาดเชิงเขา,น้ำหยด,ลำห้วยธรรมชาติ,ปุ๋ยเคมีสูตร 15-15-15,ไม่ใช่,,ใช่,กลุ่มวิสาหกิจชุมชนผู้ปลูกทุเรียนตำบลที่วัง,30180,2026-06-14,2026-09-02,สหกรณ์,จีน,13/01/2565,ต้องการอบรมเรื่องการตัดทุเรียนให้ได้ค่า DM ตามเกณฑ์
DUR-NST-003,นาย,ประยูร,ดวงแก้ว,46,092-000-4841,6,บ้านเนินสูง,ปากแพรก,อำเภอทุ่งสง,นครศรีธรรมราช,52,949,904,18,กระดุม,หมอนทอง,ปลูกบนพื้นที่ลาดเชิงเขา,สายยางรดน้ำ (ด้วยแรงงานคน),คลองชลประทาน,ปุ๋ยเคมีสูตร 8-24-24 (ช่วงสะสมอาหาร),ใช่,GAP-6609-98157,ใช่,กลุ่มวิสาหกิจชุมชนผู้ปลูกทุเรียนตำบลปากแพรก,57540,2026-06-14,2026-08-29,พ่อค้าคนกลาง,ฮ่องกง,13/03/2556,ใช้โดรนพ่นปุ๋ยทางใบ ลดต้นทุนแรงงานได้ราว 30%
DUR-NST-004,นาย,ประยูร,พูลสวัสดิ์,57,080-000-1346,4,บ้านวังหิน,นาแว,อำเภอฉวาง,นครศรีธรรมราช,45,799,724,12,ก้านยาว,หมอนทอง,ปลูกบนพื้นราบ,สปริงเกลอร์,แม่น้ำ/คลองสาธารณะ,ปุ๋ยเคมีสูตร 8-24-24 (ช่วงสะสมอาหาร),ไม่ใช่,,ใช่,กลุ่มวิสาหกิจชุมชนผู้ปลูกทุเรียนตำบลนาแว,34030,2026-06-13,2026-08-30,ล้งส่งออก,ไต้หวัน,23/08/2566,"สวนติดลำห้วย มีน้ำเพียงพอตลอดปี
แต่ถนนเข้าสวนเป็นดินลูกรัง หน้าฝนรถบรรทุกเข้าลำบาก"
DUR-NST-005,นาย,เกรียงไกร,ทองคำ,71,087-000-2948,3,บ้านห้วยลึก,นาไม้ไผ่,อำเภอทุ่งสง,นครศรีธรรมราช,17,389,351,20,ชะนี,ก้านยาว,ปลูกบนพื้นที่ลาดเชิงเขา,น้ำหยด,คลองชลประทาน,ปุ๋ยเคมี+ปุ๋ยอินทรีย์ผสมผสาน,ใช่,GAP-6801-89701,ไม่ใช่,,27280,2026-06-13,2026-08-30,ล้งส่งออก,จีน,13/09/2556,ต้องการอบรมเรื่องการตัดทุเรียนให้ได้ค่า DM ตามเกณฑ์
DUR-NST-006,นาย,เฉลิมชัย,ทองอร่าม,35,083-000-0477,4,บ้านป่าละอู,ละอาย,อำเภอฉวาง,นครศรีธรรมราช,25,600,529,12,หมอนทอง,ชะนี,ปลูกแบบยกร่อง,ระบบน้ำผสมปุ๋ยอัตโนมัติ,คลองชลประทาน,ปุ๋ยอินทรีย์ (มูลไก่/มูลวัว),ใช่,GAP-6605-22175,ใช่,กลุ่มวิสาหกิจชุมชนผู้ปลูกทุเรียนตำบลละอาย,35160,2026-06-09,2026-09-02,สหกรณ์,"จีน, เวียดนาม",12/11/2559,ผลผลิตปีนี้ทยอยสุก ไม่พร้อมกัน ทำให้ต้องเก็บหลายรอบ
DUR-NST-007,นาย,ทวีศักดิ์,ศรีจันทร์,72,098-000-5355,6,บ้านป่าละอู,ละอาย,อำเภอฉวาง,นครศรีธรรมราช,38,729,701,8,ชะนี,หมอนทอง,ปลูกบนพื้นราบ,ระบบน้ำผสมปุ๋ยอัตโนมัติ,สระน้ำในสวน,ปุ๋ยเคมีสูตร 15-15-15,ไม่ใช่,,ไม่ใช่,,52620,2026-06-13,2026-08-26,ล้งส่งออก,จีน,11/05/2560,
DUR-NST-008,นางสาว,พรทิพย์,มั่นคง,72,095-000-5478,6,บ้านวังหิน,ฉวาง,อำเภอฉวาง,นครศรีธรรมราช,11,266,253,11,หมอนทอง,ชะนี,ปลูกแซมยางพารา,สายยางรดน้ำ (ด้วยแรงงานคน),แม่น้ำ/คลองสาธารณะ,ปุ๋ยหมักชีวภาพ,ไม่ใช่,,ใช่,กลุ่มวิสาหกิจชุมชนผู้ปลูกทุเรียนตำบลฉวาง,14060,2026-06-10,2026-09-01,พ่อค้าคนกลาง,จีน,24/05/2565,"ขายผลผลิตส่วนหนึ่งผ่านเพจ ""สวนทุเรียนบ้านเรา"" (ส่งตรงถึงลูกค้า)"
DUR-NST-009,นาง,บุษบา,หอมสมบัติ,37,094-000-8077,7,บ้านป่าละอู,ฉวาง,อำเภอฉวาง,นครศรีธรรมราช,9,136,130,14,ชะนี,หมอนทอง,ปลูกแซมยางพารา,มินิสปริงเกลอร์,สระน้ำในสวน,ปุ๋ยเคมี+ปุ๋ยอินทรีย์ผสมผสาน,ใช่,GAP-6803-14344,ไม่ใช่,,9350,2026-06-11,2026-08-29,ล้งส่งออก,จีน,24/03/2564,มีแผนขยายพื้นที่ปลูกเพิ่มอีก 5 ไร่ ในปีหน้า
DUR-NST-010,นาย,บุญเลิศ,ศรีสุวรรณ,40,092-000-1385,10,บ้านตะแบก,นาแว,อำเภอฉวาง,นครศรีธรรมราช,48,960,576,5,ชะนี,ก้านยาว,ปลูกแบบยกร่อง,สปริงเกลอร์,สระน้ำในสวน,ปุ๋ยเคมี+ปุ๋ยอินทรีย์ผสมผสาน,ใช่,GAP-6609-72307,ไม่ใช่,,16210,2026-06-09,2026-09-03,พ่อค้าคนกลาง,จีน,19/03/2560,ผลผลิตปีนี้ทยอยสุก ไม่พร้อมกัน ทำให้ต้องเก็บหลายรอบ
DUR-YLA-001,นางสาว,สมหญิง,ธรรมชาติ,34,082-000-3325,7,บ้านห้วยลึก,บันนังสตา,อำเภอบันนังสตา,ยะลา,3,47,41,12,ชะนี,,ปลูกแซมยางพารา,สายยางรดน้ำ (ด้วยแรงงานคน),แม่น้ำ/คลองสาธารณะ,ปุ๋ยเคมี+ปุ๋ยอินทรีย์ผสมผสาน,ไม่ใช่,,ไม่ใช่,,2470,2026-07-24,2026-09-25,ตลาดสด,ในประเทศ,16/07/2556,"เกษตรกรต้นแบบ ได้รับรางวัล ""สวนทุเรียนคุณภาพ"" ระดับจังหวัด"
DUR-YLA-002,นาย,บุญเลิศ,ปานทอง,31,081-000-2359,12,บ้านท่าช้าง,ตาเนาะปูเต๊ะ,อำเภอบันนังสตา,ยะลา,6,105,101,12,หมอนทอง,ชะนี,ปลูกบนพื้นที่ลาดเชิงเขา,สายยางรดน้ำ (ด้วยแรงงานคน),สระน้ำในสวน,ปุ๋ยหมักชีวภาพ,ไม่ใช่,,ใช่,กลุ่มวิสาหกิจชุมชนผู้ปลูกทุเรียนตำบลตาเนาะปูเต๊ะ,4920,2026-07-25,2026-09-28,ล้งส่งออก,เวียดนาม,05/06/2555,กำลังปรับปรุงสวนใหม่ ตัดแต่งกิ่งและเปลี่ยนต้นที่โทรมออก
DUR-YLA-003,นาง,วันเพ็ญ,วงศ์สวัสดิ์,73,096-000-4812,5,บ้านหนองปรือ,ตาเนาะแมเราะ,อำเภอเบตง,ยะลา,14,320,192,6,ทุเรียนพื้นเมือง,,ปลูกบนพื้นราบ,สายยางรดน้ำ (ด้วยแรงงานคน),ลำห้วยธรรมชาติ,ปุ๋ยเคมี+ปุ๋ยอินทรีย์ผสมผสาน,ใช่,GAP-6708-81110,ใช่,สหกรณ์การเกษตรเบตง จำกัด,3430,2026-07-24,2026-09-28,ขายตรง,ในประเทศ,19/11/2557,ใช้โดรนพ่นปุ๋ยทางใบ ลดต้นทุนแรงงานได้ราว 30%
DUR-YLA-004,นาย,สุเทพ,ศรีจันทร์,59,082-000-1416,6,บ้านสวนส้ม,อัยเยอร์เวง,อำเภอเบตง,ยะลา,7,122,118,21,หมอนทอง,,ปลูกแซมยางพารา,สปริงเกลอร์,แม่น้ำ/คลองสาธารณะ,ปุ๋ยเคมีสูตร 8-24-24 (ช่วงสะสมอาหาร),ไม่ใช่,,ใช่,สหกรณ์การเกษตรเบตง จำกัด,8760,2026-07-17,2026-09-26,ขายตรง,ในประเทศ,28/08/2555,
DUR-YLA-005,นาย,สมหมาย,เกษตรสุข,32,068-000-3291,8,บ้านคลองน้ำใส,อัยเยอร์เวง,อำเภอเบตง,ยะลา,30,551,535,13,กระดุม,หมอนทอง,ปลูกแบบยกร่อง,ระบบน้ำผสมปุ๋ยอัตโนมัติ,แม่น้ำ/คลองสาธารณะ,ปุ๋ยอินทรีย์ (มูลไก่/มูลวัว),ใช่,GAP-6612-14975,ใช่,กลุ่มวิสาหกิจชุมชนผู้ปลูกทุเรียนตำบลอัยเยอร์เวง,25160,2026-07-26,2026-09-28,สหกรณ์,จีน,12/05/2559,
DUR-YLA-006,นางสาว,พรทิพย์,บัวทอง,47,088-000-9000,6,บ้านเขาวง,ตาเนาะแมเราะ,อำเภอเบตง,ยะลา,34,706,646,23,กระดุม,หมอนทอง,ปลูกบนพื้นที่ลาดเชิงเขา,มินิสปริงเกลอร์,ลำห้วยธรรมชาติ,ปุ๋ยอินทรีย์ (มูลไก่/มูลวัว),ใช่,GAP-6701-21481,ไม่ใช่,,28000,2026-07-24,2026-09-28,ตลาดสด,ในประเทศ,17/06/2568,ผลผลิตปีนี้ทยอยสุก ไม่พร้อมกัน ทำให้ต้องเก็บหลายรอบ
DUR-YLA-007,นาง,จันทร์เพ็ญ,อินทร์แก้ว,72,086-000-4343,12,บ้านเขาวง,แม่หวาด,อำเภอธารโต,ยะลา,3,52,47,16,ชะนี,ทุเรียนพื้นเมือง,ปลูกแซมยางพารา,สปริงเกลอร์,ลำห้วยธรรมชาติ,ปุ๋ยหมักชีวภาพ,ไม่ใช่,,ใช่,กลุ่มวิสาหกิจชุมชนผู้ปลูกทุเรียนตำบลแม่หวาด,2290,2026-07-21,2026-09-28,สหกรณ์,จีน,15/10/2557,
DUR-YLA-008,นาง,มาลี,ใจดี,42,091-000-9507,8,บ้านเขาวง,บันนังสตา,อำเภอบันนังสตา,ยะลา,47,1058,999,24,ทุเรียนพื้นเมือง,,ปลูกแซมยางพารา,สปริงเกลอร์,สระน้ำในสวน,ปุ๋ยเคมีสูตร 15-15-15,ไม่ใช่,,ใช่,กลุ่มวิสาหกิจชุมชนผู้ปลูกทุเรียนตำบลบันนังสตา,26990,2026-07-23,2026-09-25,ล้งส่งออก,ฮ่องกง,08/11/2561,
DUR-YLA-009,นาย,ไพบูลย์,สายทอง,33,067-000-0167,5,บ้านวังหิน,ธารโต,อำเภอธารโต,ยะลา,51,899,862,14,ทุเรียนพื้นเมือง,,ปลูกแซมยางพารา,มินิสปริงเกลอร์,สระน้ำในสวน,ปุ๋ยเคมี+ปุ๋ยอินทรีย์ผสมผสาน,ไม่ใช่,,ใช่,กลุ่มวิสาหกิจชุมชนผู้ปลูกทุเรียนตำบลธารโต,21200,2026-07-22,2026-09-28,สหกรณ์,จีน,25/01/2565,"เกษตรกรต้นแบบ ได้รับรางวัล ""สวนทุเรียนคุณภาพ"" ระดับจังหวัด"
DUR-YLA-010,นาย,กิตติพงษ์,ทองอร่าม,62,087-000-1468,2,บ้านป่าละอู,ตาเนาะปูเต๊ะ,อำเภอบันนังสตา,ยะลา,20,322,305,37,หมอนทอง,กระดุม,ปลูกแบบยกร่อง,สายยางรดน้ำ (ด้วยแรงงานคน),ลำห้วยธรรมชาติ,ปุ๋ยอินทรีย์ (มูลไก่/มูลวัว),ไม่ใช่,,ไม่ใช่,,15650,2026-07-25,2026-09-25,พ่อค้าคนกลาง,จีน,12/01/2557,
DUR-YLA-011,นาง,รัตนา,สมบูรณ์ศรี,,064-000-8026,4,บ้านห้วยลึก,ตาเนาะปูเต๊ะ,อำเภอบันนังสตา,ยะลา,16,364,36,4,ทุเรียนพื้นเมือง,ชะนี,ปลูกบนพื้นที่ลาดเชิงเขา,น้ำหยด,คลองชลประทาน,ปุ๋ยเคมีสูตร 8-24-24 (ช่วงสะสมอาหาร),ใช่,GAP-6604-85597,ไม่ใช่,,370,2026-07-26,2026-09-23,พ่อค้าคนกลาง,ไต้หวัน,27/02/2556,เจ้าของสวนย้ายมาจากต่างจังหวัด เริ่มทำสวนทุเรียนเมื่อ 8 ปีก่อน
DUR-YLA-012,นางสาว,อรุณี,สมบูรณ์ศรี,52,060-000-2783,9,บ้านคลองน้ำใส,บันนังสตา,อำเภอบันนังสตา,ยะลา,45,774,766,30,ทุเรียนพื้นเมือง,,ปลูกบนพื้นราบ,ระบบน้ำผสมปุ๋ยอัตโนมัติ,คลองชลประทาน,ปุ๋ยอินทรีย์ (มูลไก่/มูลวัว),ไม่ใช่,,ใช่,สหกรณ์การเกษตรบันนังสตา จำกัด,14320,2026-07-21,2026-09-26,สหกรณ์,ฮ่องกง,13/09/2567,
DUR-RYG-001,นาง,อรุณี,ชูเกียรติ,37,084-000-5059,7,บ้านโป่งน้ำร้อน,ห้วยยาง,อำเภอแกลง,ระยอง,28,629,595,15,หมอนทอง,ก้านยาว,ปลูกแบบยกร่อง,สปริงเกลอร์,แม่น้ำ/คลองสาธารณะ,ปุ๋ยอินทรีย์ (มูลไก่/มูลวัว),ไม่ใช่,,ใช่,กลุ่มวิสาหกิจชุมชนผู้ปลูกทุเรียนตำบลห้วยยาง,35570,2026-04-19,2026-06-30,สหกรณ์,จีน,05/02/2561,"สวนติดลำห้วย มีน้ำเพียงพอตลอดปี
แต่ถนนเข้าสวนเป็นดินลูกรัง หน้าฝนรถบรรทุกเข้าลำบาก"
DUR-RYG-002,นาย,สุวิทย์,แสงทอง,47,062-000-0384,12,บ้านสวนใหม่,หนองบัว,อำเภอบ้านค่าย,ระยอง,8,186,185,24,ก้านยาว,พวงมณี,ปลูกแซมยางพารา,มินิสปริงเกลอร์,ลำห้วยธรรมชาติ,ปุ๋ยเคมีสูตร 8-24-24 (ช่วงสะสมอาหาร),ใช่,GAP-6608-84720,ไม่ใช่,,8130,2026-04-19,2026-06-29,ตลาดสด,ในประเทศ,19/08/2559,ใช้โดรนพ่นปุ๋ยทางใบ ลดต้นทุนแรงงานได้ราว 30%
DUR-RYG-003,นาย,พิชิต,เกษตรสุข,72,082-000-1165,2,บ้านท่าช้าง,ชุมแสง,อำเภอวังจันทร์,ระยอง,67,1106,663,5,หมอนทอง,,ปลูกแบบยกร่อง,สายยางรดน้ำ (ด้วยแรงงานคน),ลำห้วยธรรมชาติ,ปุ๋ยเคมี+ปุ๋ยอินทรีย์ผสมผสาน,ไม่ใช่,,ไม่ใช่,,27990,2026-04-21,2026-06-28,ผู้ส่งออก,เวียดนาม,20/04/2556,ผลผลิตปีนี้ทยอยสุก ไม่พร้อมกัน ทำให้ต้องเก็บหลายรอบ
DUR-RYG-004,นาง,พรทิพย์,เพชรรัตน์,51,080-000-0114,7,บ้านวังหิน,ห้วยยาง,อำเภอแกลง,ระยอง,76,1404,1249,28,หมอนทอง,พวงมณี,ปลูกบนพื้นที่ลาดเชิงเขา,ระบบน้ำผสมปุ๋ยอัตโนมัติ,แม่น้ำ/คลองสาธารณะ,ปุ๋ยอินทรีย์ (มูลไก่/มูลวัว),ใช่,GAP-6702-76198,ใช่,กลุ่มวิสาหกิจชุมชนผู้ปลูกทุเรียนตำบลห้วยยาง,105960,2026-04-18,2026-06-26,ตลาดสด,ในประเทศ,02/09/2566,
DUR-RYG-005,นาย,วิชัย,จันทร์หอม,58,092-000-9431,4,บ้านวังหิน,หนองบัว,อำเภอบ้านค่าย,ระยอง,13,200,188,32,หมอนทอง,ชะนี,ปลูกบนพื้นราบ,ระบบน้ำผสมปุ๋ยอัตโนมัติ,บ่อบาดาล,ปุ๋ยอินทรีย์ (มูลไก่/มูลวัว),ใช่,GAP-6708-87544,ใช่,กลุ่มวิสาหกิจชุมชนผู้ปลูกทุเรียนตำบลหนองบัว,11550,2026-04-16,2026-06-26,ล้งส่งออก,จีน,09/10/2565,มีแผนขยายพื้นที่ปลูกเพิ่มอีก 5 ไร่ ในปีหน้า
DUR-RYG-006,นาย,เฉลิมชัย,ทองคำ,69,088-000-0321,12,บ้านคลองน้ำใส,วังจันทร์,อำเภอวังจันทร์,ระยอง,18,328,290,36,กระดุม,,ปลูกบนพื้นที่ลาดเชิงเขา,น้ำหยด,สระน้ำในสวน,ปุ๋ยหมักชีวภาพ,ใช่,GAP-6708-58313,ไม่ใช่,,10940,2026-04-19,2026-07-02,พ่อค้าคนกลาง,จีน,25/03/2556,"เกษตรกรต้นแบบ ได้รับรางวัล ""สวนทุเรียนคุณภาพ"" ระดับจังหวัด"
DUR-RYG-007,นางสาว,พรทิพย์,ศรีสุวรรณ,39,064-000-2443,1,บ้านห้วยลึก,กระแสบน,อำเภอแกลง,ระยอง,50,856,786,11,กระดุม,หมอนทอง,ปลูกแซมยางพารา,น้ำหยด,ลำห้วยธรรมชาติ,ปุ๋ยอินทรีย์ (มูลไก่/มูลวัว),ไม่ใช่,,ไม่ใช่,,53150,2026-04-13,2026-06-26,ตลาดสด,ในประเทศ,24/11/2567,
DUR-RYG-008,นาย,บรรเจิด,สมบูรณ์ศรี,65,091-000-5947,9,บ้านท่าช้าง,วังจันทร์,อำเภอวังจันทร์,ระยอง,19,336,317,16,กระดุม,,ปลูกบนพื้นราบ,ระบบน้ำผสมปุ๋ยอัตโนมัติ,คลองชลประทาน,ปุ๋ยหมักชีวภาพ,ไม่ใช่,,ใช่,กลุ่มวิสาหกิจชุมชนผู้ปลูกทุเรียนตำบลวังจันทร์,26690,2026-04-17,2026-06-26,ผู้ส่งออก,ไต้หวัน,25/11/2563,มีแผนขยายพื้นที่ปลูกเพิ่มอีก 5 ไร่ ในปีหน้า
DUR-RYG-009,นาย,บุญเลิศ,รัตนพันธ์,44,086-000-3342,10,บ้านสวนส้ม,หนองบัว,อำเภอบ้านค่าย,ระยอง,13,236,141,7,หมอนทอง,กระดุม,ปลูกแซมยางพารา,น้ำหยด,ลำห้วยธรรมชาติ,ปุ๋ยหมักชีวภาพ,ใช่,GAP-6807-65473,ใช่,สหกรณ์การเกษตรบ้านค่าย จำกัด,6050,2026-04-21,2026-06-28,ตลาดสด,ในประเทศ,19/12/2557,ใช้โดรนพ่นปุ๋ยทางใบ ลดต้นทุนแรงงานได้ราว 30%
DUR-RYG-010,นาง,รัตนา,วงศ์สวัสดิ์,53,087-000-1076,9,บ้านคลองแก้ว,วังจันทร์,อำเภอวังจันทร์,ระยอง,14,236,219,23,หมอนทอง,,ปลูกแบบยกร่อง,สปริงเกลอร์,ลำห้วยธรรมชาติ,ปุ๋ยเคมีสูตร 15-15-15,ไม่ใช่,,ใช่,กลุ่มวิสาหกิจชุมชนผู้ปลูกทุเรียนตำบลวังจันทร์,16570,2026-04-12,2026-07-01,ล้งส่งออก,"จีน, เวียดนาม",22/08/2568,
DUR-RYG-011,นาย,สุเทพ,สมบูรณ์ศรี,,062-000-3780,5,บ้านท่าช้าง,ตาขัน,อำเภอบ้านค่าย,ระยอง,31,490,454,11,พวงมณี,หมอนทอง,ปลูกบนพื้นราบ,น้ำหยด,บ่อบาดาล,ปุ๋ยหมักชีวภาพ,ใช่,GAP-6603-16684,ใช่,สหกรณ์การเกษตรบ้านค่าย จำกัด,22890,2026-04-13,2026-06-25,ขายตรง,ในประเทศ,28/10/2567,มีแผนขยายพื้นที่ปลูกเพิ่มอีก 5 ไร่ ในปีหน้า
DUR-RYG-012,นาย,สมชาย,ปานทอง,29,092-000-3625,11,บ้านโป่งน้ำร้อน,บ้านค่าย,อำเภอบ้านค่าย,ระยอง,3,73,71,9,ก้านยาว,,ปลูกบนพื้นที่ลาดเชิงเขา,ระบบน้ำผสมปุ๋ยอัตโนมัติ,แม่น้ำ/คลองสาธารณะ,ปุ๋ยหมักชีวภาพ,ใช่,GAP-6602-35049,ใช่,กลุ่มวิสาหกิจชุมชนผู้ปลูกทุเรียนตำบลบ้านค่าย,4100,2026-04-14,2026-07-01,ผู้ส่งออก,จีน,09/09/2556,"ขายผลผลิตส่วนหนึ่งผ่านเพจ ""สวนทุเรียนบ้านเรา"" (ส่งตรงถึงลูกค้า)"
DUR-RYG-013,นาย,บรรเจิด,ผลดี,44,063-000-9106,6,บ้านเขาวง,วังจันทร์,อำเภอวังจันทร์,ระยอง,62,1273,1121,9,หมอนทอง,,ปลูกแบบยกร่อง,ระบบน้ำผสมปุ๋ยอัตโนมัติ,ลำห้วยธรรมชาติ,ปุ๋ยเคมีสูตร 15-15-15,ใช่,GAP-6702-81731,ไม่ใช่,,61080,2026-04-13,2026-06-30,ขายตรง,ในประเทศ,19/02/2567,
DUR-RYG-014,นาย,สมศักดิ์,เพชรรัตน์,55,066-000-0953,5,บ้านทุ่งนา,หนองบัว,อำเภอบ้านค่าย,ระยอง,4,81,48,7,หมอนทอง,กระดุม,ปลูกแบบยกร่อง,น้ำหยด,ลำห้วยธรรมชาติ,ปุ๋ยเคมีสูตร 8-24-24 (ช่วงสะสมอาหาร),ไม่ใช่,,ไม่ใช่,,1100,2026-04-21,2026-06-29,พ่อค้าคนกลาง,ไต้หวัน,01/07/2562,
DUR-RYG-015,นางสาว,นภาพร,พูลสวัสดิ์,33,063-000-8220,6,บ้านเนินพลับพลา,หนองบัว,อำเภอบ้านค่าย,ระยอง,23,566,509,15,หมอนทอง,พวงมณี,ปลูกบนพื้นราบ,มินิสปริงเกลอร์,สระน้ำในสวน,ปุ๋ยเคมี+ปุ๋ยอินทรีย์ผสมผสาน,ใช่,GAP-6708-73117,ใช่,กลุ่มวิสาหกิจชุมชนผู้ปลูกทุเรียนตำบลหนองบัว,41540,2026-04-14,2026-06-29,สหกรณ์,จีน,17/02/2568,
DUR-RYG-016,นาง,ศิริพร,มั่นคง,47,088-000-8625,3,บ้านวังหิน,ทุ่งควายกิน,อำเภอแกลง,ระยอง,76,1699,1523,12,หมอนทอง,ชะนี,ปลูกแบบยกร่อง,มินิสปริงเกลอร์,คลองชลประทาน,ปุ๋ยเคมีสูตร 8-24-24 (ช่วงสะสมอาหาร),ไม่ใช่,,ไม่ใช่,,70290,2026-04-20,2026-06-28,ล้งส่งออก,จีน,28/06/2567,"เกษตรกรต้นแบบ ได้รับรางวัล ""สวนทุเรียนคุณภาพ"" ระดับจังหวัด"
DUR-RYG-017,นาย,ประเสริฐ,แสงทอง,45,086-000-3923,4,บ้านวังหิน,วังจันทร์,อำเภอวังจันทร์,ระยอง,27,526,493,11,พวงมณี,,ปลูกบนพื้นที่ลาดเชิงเขา,น้ำหยด,ลำห้วยธรรมชาติ,ปุ๋ยอินทรีย์ (มูลไก่/มูลวัว),ใช่,GAP-6802-16938,ใช่,สหกรณ์การเกษตรวังจันทร์ จำกัด,28340,2026-04-15,2026-06-26,สหกรณ์,เวียดนาม,07/01/2559,ผลผลิตปีนี้ทยอยสุก ไม่พร้อมกัน ทำให้ต้องเก็บหลายรอบ
DUR-RYG-018,นาย,บุญเลิศ,พงษ์เพชร,34,067-000-9048,8,บ้านสวนใหม่,ชุมแสง,อำเภอวังจันทร์,ระยอง,16,353,350,9,หมอนทอง,ชะนี,ปลูกแบบยกร่อง,,แม่น้ำ/คลองสาธารณะ,ปุ๋ยเคมีสูตร 8-24-24 (ช่วงสะสมอาหาร),ไม่ใช่,,ใช่,สหกรณ์การเกษตรวังจันทร์ จำกัด,25340,2026-04-13,2026-06-26,ตลาดสด,ในประเทศ,07/07/2567,ใช้โดรนพ่นปุ๋ยทางใบ ลดต้นทุนแรงงานได้ราว 30%
DUR-RYG-019,นาย,เกรียงไกร,แก้วมณี,65,082-000-8999,8,บ้านตะแบก,ตาขัน,อำเภอบ้านค่าย,ระยอง,41,697,638,12,หมอนทอง,ก้านยาว,ปลูกแบบยกร่อง,สปริงเกลอร์,คลองชลประทาน,ปุ๋ยอินทรีย์ (มูลไก่/มูลวัว),ใช่,GAP-6808-42655,ใช่,กลุ่มวิสาหกิจชุมชนผู้ปลูกทุเรียนตำบลตาขัน,48150,2026-04-13,2026-07-02,ล้งส่งออก,จีน,23/01/2566,
DUR-RYG-020,นาย,สมหมาย,เจริญผล,64,068-000-8544,1,บ้านตะแบก,ตาขัน,อำเภอบ้านค่าย,ระยอง,12,200,197,12,หมอนทอง,ก้านยาว,ปลูกบนพื้นราบ,ระบบน้ำผสมปุ๋ยอัตโนมัติ,บ่อบาดาล,ปุ๋ยอินทรีย์ (มูลไก่/มูลวัว),ไม่ใช่,,ใช่,สหกรณ์การเกษตรบ้านค่าย จำกัด,12430,2026-04-13,2026-07-03,สหกรณ์,จีน,25/10/2556,
DUR-RYG-021,นาย,ชัยวัฒน์,ทองอร่าม,36,060-000-1461,1,บ้านหนองปรือ,ห้วยยาง,อำเภอแกลง,ระยอง,18,396,373,16,กระดุม,,ปลูกบนพื้นราบ,น้ำหยด,คลองชลประทาน,ปุ๋ยเคมีสูตร 8-24-24 (ช่วงสะสมอาหาร),ใช่,GAP-6602-18794,ใช่,กลุ่มวิสาหกิจชุมชนผู้ปลูกทุเรียนตำบลห้วยยาง,15640,2026-04-14,2026-06-27,ผู้ส่งออก,จีน,07/10/2556,ใช้โดรนพ่นปุ๋ยทางใบ ลดต้นทุนแรงงานได้ราว 30%
DUR-RYG-022,นาง,มาลี,ทองคำ,74,087-000-0763,8,บ้านโป่งน้ำร้อน,ชุมแสง,อำเภอวังจันทร์,ระยอง,6,97,95,25,หมอนทอง,กระดุม,ปลูกแบบยกร่อง,สปริงเกลอร์,ลำห้วยธรรมชาติ,ปุ๋ยเคมีสูตร 8-24-24 (ช่วงสะสมอาหาร),ไม่ใช่,,ไม่ใช่,,5950,2026-04-19,2026-06-29,ขายตรง,ในประเทศ,26/05/2566,กำลังปรับปรุงสวนใหม่ ตัดแต่งกิ่งและเปลี่ยนต้นที่โทรมออก
DUR-UTT-001,นาย,พิชิต,ทองคำ,40,067-000-4178,7,บ้านห้วยลึก,นานกกก,อำเภอลับแล,อุตรดิตถ์,31,520,52,4,ชะนี,หลินลับแล,ปลูกบนพื้นราบ,สายยางรดน้ำ (ด้วยแรงงานคน),แม่น้ำ/คลองสาธารณะ,ปุ๋ยเคมีสูตร 15-15-15,ใช่,GAP-6809-59513,ไม่ใช่,,1860,2026-07-02,2026-09-14,พ่อค้าคนกลาง,จีน,26/05/2568,"ขายผลผลิตส่วนหนึ่งผ่านเพจ ""สวนทุเรียนบ้านเรา"" (ส่งตรงถึงลูกค้า)"
DUR-UTT-002,นาง,เยาวลักษณ์,ใจดี,,091-000-3206,2,บ้านท่าช้าง,ศรีพนมมาศ,อำเภอลับแล,อุตรดิตถ์,10,170,151,30,หลงลับแล,,ปลูกบนพื้นราบ,สายยางรดน้ำ (ด้วยแรงงานคน),แม่น้ำ/คลองสาธารณะ,ปุ๋ยเคมีสูตร 8-24-24 (ช่วงสะสมอาหาร),ไม่ใช่,,ใช่,กลุ่มวิสาหกิจชุมชนผู้ปลูกทุเรียนตำบลศรีพนมมาศ,5390,2026-07-04,2026-09-17,สหกรณ์,ไต้หวัน,21/08/2561,
DUR-UTT-003,นาง,สุนิสา,ใจดี,59,061-000-1054,4,บ้านสวนส้ม,ศรีพนมมาศ,อำเภอลับแล,อุตรดิตถ์,25,447,446,28,หลินลับแล,หมอนทอง,ปลูกบนพื้นราบ,น้ำหยด,แม่น้ำ/คลองสาธารณะ,ปุ๋ยอินทรีย์ (มูลไก่/มูลวัว),ใช่,GAP-6702-61374,ไม่ใช่,,16700,2026-06-30,2026-09-16,ขายตรง,ในประเทศ,04/08/2566,"ปีนี้ฝนตกชุก, ดอกร่วงมาก ผลผลิตลดลงประมาณ 15%"
DUR-UTT-004,นาง,อรุณี,ศรีจันทร์,59,064-000-3984,9,บ้านท่าช้าง,ศรีพนมมาศ,อำเภอลับแล,อุตรดิตถ์,8,148,135,37,หมอนทอง,,ปลูกแบบยกร่อง,น้ำหยด,แม่น้ำ/คลองสาธารณะ,ปุ๋ยเคมีสูตร 8-24-24 (ช่วงสะสมอาหาร),ใช่,GAP-6703-96234,ไม่ใช่,,8100,2026-07-03,2026-09-11,ล้งส่งออก,ไต้หวัน,02/01/2565,กำลังปรับปรุงสวนใหม่ ตัดแต่งกิ่งและเปลี่ยนต้นที่โทรมออก
DUR-UTT-005,นาย,บรรเจิด,มั่นคง,61,061-000-8871,12,บ้านตะแบก,ศรีพนมมาศ,อำเภอลับแล,อุตรดิตถ์,34,720,72,4,ชะนี,หลงลับแล,ปลูกแบบยกร่อง,สายยางรดน้ำ (ด้วยแรงงานคน),บ่อบาดาล,ปุ๋ยเคมี+ปุ๋ยอินทรีย์ผสมผสาน,ใช่,GAP-6607-04154,ใช่,สหกรณ์การเกษตรลับแล จำกัด,1290,2026-07-04,2026-09-18,สหกรณ์,จีน,28/07/2568,กำลังปรับปรุงสวนใหม่ ตัดแต่งกิ่งและเปลี่ยนต้นที่โทรมออก
DUR-UTT-006,นาย,บรรเจิด,ใจดี,68,060-000-6924,6,บ้านคลองแก้ว,ศรีพนมมาศ,อำเภอลับแล,อุตรดิตถ์,15,275,250,9,หลงลับแล,,ปลูกบนพื้นราบ,ระบบน้ำผสมปุ๋ยอัตโนมัติ,ลำห้วยธรรมชาติ,ปุ๋ยเคมีสูตร 15-15-15,ไม่ใช่,,ใช่,สหกรณ์การเกษตรลับแล จำกัด,10230,2026-06-29,2026-09-15,ล้งส่งออก,ไต้หวัน,14/08/2561,ใช้โดรนพ่นปุ๋ยทางใบ ลดต้นทุนแรงงานได้ราว 30%
DUR-UTT-007,นาย,สุรพล,อินทร์แก้ว,29,095-000-9132,5,บ้านเขาวง,นานกกก,อำเภอลับแล,อุตรดิตถ์,11,171,102,7,หลินลับแล,หมอนทอง,ปลูกแซมยางพารา,มินิสปริงเกลอร์,บ่อบาดาล,ปุ๋ยอินทรีย์ (มูลไก่/มูลวัว),ไม่ใช่,,ไม่ใช่,,1690,2026-06-30,2026-09-18,ล้งส่งออก,ไต้หวัน,13/11/2564,ต้องการอบรมเรื่องการตัดทุเรียนให้ได้ค่า DM ตามเกณฑ์
DUR-UTT-008,นาง,ลำดวน,แก้วมณี,73,087-000-9639,4,บ้านคลองแก้ว,ศรีพนมมาศ,อำเภอลับแล,อุตรดิตถ์,13,224,215,9,หลินลับแล,หลงลับแล,ปลูกบนพื้นที่ลาดเชิงเขา,มินิสปริงเกลอร์,บ่อบาดาล,ปุ๋ยอินทรีย์ (มูลไก่/มูลวัว),ใช่,GAP-6802-07394,ไม่ใช่,,5470,2026-07-07,2026-09-10,ขายตรง,ในประเทศ,12/07/2560,เจ้าของสวนย้ายมาจากต่างจังหวัด เริ่มทำสวนทุเรียนเมื่อ 8 ปีก่อน
DUR-UTT-009,นาย,พิชิต,หอมสมบัติ,40,080-000-3026,12,บ้านวังหิน,ศรีพนมมาศ,อำเภอลับแล,อุตรดิตถ์,23,503,301,6,หลงลับแล,หลินลับแล,ปลูกบนพื้นราบ,สายยางรดน้ำ (ด้วยแรงงานคน),แม่น้ำ/คลองสาธารณะ,ปุ๋ยเคมี+ปุ๋ยอินทรีย์ผสมผสาน,ไม่ใช่,,ไม่ใช่,,3980,2026-07-07,2026-09-12,ขายตรง,ในประเทศ,24/05/2561,"ปีนี้ฝนตกชุก, ดอกร่วงมาก ผลผลิตลดลงประมาณ 15%"
